Session5/sentences/MOCAP_head/Ses05F_impro01/Ses05F_impro01_M000.txt,Session5/sentences/wav/Ses05F_impro01/Ses05F_impro01_M000.wav,Session5/sentences/MOCAP_rotated/Ses05F_impro01/Ses05F_impro01_M000.txt,neu,"[2.5000, 2.5000, 4.0000]"
Session5/sentences/MOCAP_head/Ses05F_impro01/Ses05F_impro01_M001.txt,Session5/sentences/wav/Ses05F_impro01/Ses05F_impro01_M001.wav,Session5/sentences/MOCAP_rotated/Ses05F_impro01/Ses05F_impro01_M001.txt,xxx,"[2.5000, 3.0000, 3.5000]"
Session5/sentences/MOCAP_head/Ses05F_impro01/Ses05F_impro01_M002.txt,Session5/sentences/wav/Ses05F_impro01/Ses05F_impro01_M002.wav,Session5/sentences/MOCAP_rotated/Ses05F_impro01/Ses05F_impro01_M002.txt,xxx,"[2.0000, 3.0000, 3.5000]"
Session5/sentences/MOCAP_head/Ses05F_impro01/Ses05F_impro01_M003.txt,Session5/sentences/wav/Ses05F_impro01/Ses05F_impro01_M003.wav,Session5/sentences/MOCAP_rotated/Ses05F_impro01/Ses05F_impro01_M003.txt,neu,"[2.0000, 4.0000, 3.5000]"
Session5/sentences/MOCAP_head/Ses05F_impro01/Ses05F_impro01_M004.txt,Session5/sentences/wav/Ses05F_impro01/Ses05F_impro01_M004.wav,Session5/sentences/MOCAP_rotated/Ses05F_impro01/Ses05F_impro01_M004.txt,fru,"[2.0000, 4.0000, 4.0000]"
Session5/sentences/MOCAP_head/Ses05F_impro01/Ses05F_impro01_M005.txt,Session5/sentences/wav/Ses05F_impro01/Ses05F_impro01_M005.wav,Session5/sentences/MOCAP_rotated/Ses05F_impro01/Ses05F_impro01_M005.txt,fru,"[2.0000, 4.0000, 4.0000]"
Session5/sentences/MOCAP_head/Ses05F_impro01/Ses05F_impro01_M006.txt,Session5/sentences/wav/Ses05F_impro01/Ses05F_impro01_M006.wav,Session5/sentences/MOCAP_rotated/Ses05F_impro01/Ses05F_impro01_M006.txt,fru,"[2.0000, 3.5000, 4.5000]"
Session5/sentences/MOCAP_head/Ses05F_impro01/Ses05F_impro01_M007.txt,Session5/sentences/wav/Ses05F_impro01/Ses05F_impro01_M007.wav,Session5/sentences/MOCAP_rotated/Ses05F_impro01/Ses05F_impro01_M007.txt,fru,"[2.0000, 3.0000, 3.0000]"
Session5/sentences/MOCAP_head/Ses05F_impro01/Ses05F_impro01_M008.txt,Session5/sentences/wav/Ses05F_impro01/Ses05F_impro01_M008.wav,Session5/sentences/MOCAP_rotated/Ses05F_impro01/Ses05F_impro01_M008.txt,fru,"[2.0000, 4.0000, 4.0000]"
Session5/sentences/MOCAP_head/Ses05F_impro01/Ses05F_impro01_M009.txt,Session5/sentences/wav/Ses05F_impro01/Ses05F_impro01_M009.wav,Session5/sentences/MOCAP_rotated/Ses05F_impro01/Ses05F_impro01_M009.txt,fru,"[1.5000, 3.5000, 4.0000]"
Session5/sentences/MOCAP_head/Ses05F_impro01/Ses05F_impro01_M010.txt,Session5/sentences/wav/Ses05F_impro01/Ses05F_impro01_M010.wav,Session5/sentences/MOCAP_rotated/Ses05F_impro01/Ses05F_impro01_M010.txt,fru,"[2.5000, 3.5000, 3.5000]"
Session5/sentences/MOCAP_head/Ses05F_impro01/Ses05F_impro01_M011.txt,Session5/sentences/wav/Ses05F_impro01/Ses05F_impro01_M011.wav,Session5/sentences/MOCAP_rotated/Ses05F_impro01/Ses05F_impro01_M011.txt,fru,"[1.5000, 3.5000, 4.5000]"
Session5/sentences/MOCAP_head/Ses05F_impro01/Ses05F_impro01_M012.txt,Session5/sentences/wav/Ses05F_impro01/Ses05F_impro01_M012.wav,Session5/sentences/MOCAP_rotated/Ses05F_impro01/Ses05F_impro01_M012.txt,fru,"[1.5000, 4.0000, 4.5000]"
Session5/sentences/MOCAP_head/Ses05F_impro01/Ses05F_impro01_M013.txt,Session5/sentences/wav/Ses05F_impro01/Ses05F_impro01_M013.wav,Session5/sentences/MOCAP_rotated/Ses05F_impro01/Ses05F_impro01_M013.txt,fru,"[1.5000, 4.0000, 4.5000]"
Session5/sentences/MOCAP_head/Ses05F_impro01/Ses05F_impro01_M014.txt,Session5/sentences/wav/Ses05F_impro01/Ses05F_impro01_M014.wav,Session5/sentences/MOCAP_rotated/Ses05F_impro01/Ses05F_impro01_M014.txt,fru,"[2.0000, 4.0000, 4.0000]"
Session5/sentences/MOCAP_head/Ses05F_impro01/Ses05F_impro01_M015.txt,Session5/sentences/wav/Ses05F_impro01/Ses05F_impro01_M015.wav,Session5/sentences/MOCAP_rotated/Ses05F_impro01/Ses05F_impro01_M015.txt,fru,"[2.0000, 3.5000, 4.0000]"
Session5/sentences/MOCAP_head/Ses05F_impro01/Ses05F_impro01_M016.txt,Session5/sentences/wav/Ses05F_impro01/Ses05F_impro01_M016.wav,Session5/sentences/MOCAP_rotated/Ses05F_impro01/Ses05F_impro01_M016.txt,xxx,"[2.0000, 3.5000, 4.0000]"
Session5/sentences/MOCAP_head/Ses05F_impro01/Ses05F_impro01_M017.txt,Session5/sentences/wav/Ses05F_impro01/Ses05F_impro01_M017.wav,Session5/sentences/MOCAP_rotated/Ses05F_impro01/Ses05F_impro01_M017.txt,fru,"[2.0000, 3.0000, 4.0000]"
Session5/sentences/MOCAP_head/Ses05F_impro01/Ses05F_impro01_M018.txt,Session5/sentences/wav/Ses05F_impro01/Ses05F_impro01_M018.wav,Session5/sentences/MOCAP_rotated/Ses05F_impro01/Ses05F_impro01_M018.txt,fru,"[2.0000, 4.0000, 4.0000]"
Session5/sentences/MOCAP_head/Ses05F_impro01/Ses05F_impro01_M019.txt,Session5/sentences/wav/Ses05F_impro01/Ses05F_impro01_M019.wav,Session5/sentences/MOCAP_rotated/Ses05F_impro01/Ses05F_impro01_M019.txt,fru,"[2.5000, 4.0000, 4.0000]"
Session5/sentences/MOCAP_head/Ses05F_impro01/Ses05F_impro01_M020.txt,Session5/sentences/wav/Ses05F_impro01/Ses05F_impro01_M020.wav,Session5/sentences/MOCAP_rotated/Ses05F_impro01/Ses05F_impro01_M020.txt,fru,"[2.0000, 3.5000, 3.5000]"
Session5/sentences/MOCAP_head/Ses05F_impro01/Ses05F_impro01_M021.txt,Session5/sentences/wav/Ses05F_impro01/Ses05F_impro01_M021.wav,Session5/sentences/MOCAP_rotated/Ses05F_impro01/Ses05F_impro01_M021.txt,fru,"[2.0000, 3.5000, 4.0000]"
Session5/sentences/MOCAP_head/Ses05F_impro01/Ses05F_impro01_M022.txt,Session5/sentences/wav/Ses05F_impro01/Ses05F_impro01_M022.wav,Session5/sentences/MOCAP_rotated/Ses05F_impro01/Ses05F_impro01_M022.txt,xxx,"[3.0000, 3.5000, 4.0000]"
Session5/sentences/MOCAP_head/Ses05F_impro01/Ses05F_impro01_M023.txt,Session5/sentences/wav/Ses05F_impro01/Ses05F_impro01_M023.wav,Session5/sentences/MOCAP_rotated/Ses05F_impro01/Ses05F_impro01_M023.txt,fru,"[2.0000, 4.0000, 4.5000]"
Session5/sentences/MOCAP_head/Ses05F_impro01/Ses05F_impro01_M024.txt,Session5/sentences/wav/Ses05F_impro01/Ses05F_impro01_M024.wav,Session5/sentences/MOCAP_rotated/Ses05F_impro01/Ses05F_impro01_M024.txt,xxx,"[4.0000, 3.5000, 3.5000]"
Session5/sentences/MOCAP_head/Ses05F_impro02/Ses05F_impro02_M000.txt,Session5/sentences/wav/Ses05F_impro02/Ses05F_impro02_M000.wav,Session5/sentences/MOCAP_rotated/Ses05F_impro02/Ses05F_impro02_M000.txt,neu,"[3.0000, 2.5000, 1.5000]"
Session5/sentences/MOCAP_head/Ses05F_impro02/Ses05F_impro02_M001.txt,Session5/sentences/wav/Ses05F_impro02/Ses05F_impro02_M001.wav,Session5/sentences/MOCAP_rotated/Ses05F_impro02/Ses05F_impro02_M001.txt,xxx,"[2.5000, 2.5000, 1.5000]"
Session5/sentences/MOCAP_head/Ses05F_impro02/Ses05F_impro02_M002.txt,Session5/sentences/wav/Ses05F_impro02/Ses05F_impro02_M002.wav,Session5/sentences/MOCAP_rotated/Ses05F_impro02/Ses05F_impro02_M002.txt,xxx,"[2.5000, 3.0000, 1.5000]"
Session5/sentences/MOCAP_head/Ses05F_impro02/Ses05F_impro02_M003.txt,Session5/sentences/wav/Ses05F_impro02/Ses05F_impro02_M003.wav,Session5/sentences/MOCAP_rotated/Ses05F_impro02/Ses05F_impro02_M003.txt,xxx,"[2.5000, 3.0000, 1.5000]"
Session5/sentences/MOCAP_head/Ses05F_impro02/Ses05F_impro02_M004.txt,Session5/sentences/wav/Ses05F_impro02/Ses05F_impro02_M004.wav,Session5/sentences/MOCAP_rotated/Ses05F_impro02/Ses05F_impro02_M004.txt,ang,"[1.5000, 2.5000, 1.0000]"
Session5/sentences/MOCAP_head/Ses05F_impro02/Ses05F_impro02_M005.txt,Session5/sentences/wav/Ses05F_impro02/Ses05F_impro02_M005.wav,Session5/sentences/MOCAP_rotated/Ses05F_impro02/Ses05F_impro02_M005.txt,ang,"[1.5000, 2.5000, 2.0000]"
Session5/sentences/MOCAP_head/Ses05F_impro02/Ses05F_impro02_M006.txt,Session5/sentences/wav/Ses05F_impro02/Ses05F_impro02_M006.wav,Session5/sentences/MOCAP_rotated/Ses05F_impro02/Ses05F_impro02_M006.txt,fru,"[1.5000, 3.0000, 1.0000]"
Session5/sentences/MOCAP_head/Ses05F_impro02/Ses05F_impro02_M007.txt,Session5/sentences/wav/Ses05F_impro02/Ses05F_impro02_M007.wav,Session5/sentences/MOCAP_rotated/Ses05F_impro02/Ses05F_impro02_M007.txt,xxx,"[1.5000, 3.5000, 2.0000]"
Session5/sentences/MOCAP_head/Ses05F_impro02/Ses05F_impro02_M008.txt,Session5/sentences/wav/Ses05F_impro02/Ses05F_impro02_M008.wav,Session5/sentences/MOCAP_rotated/Ses05F_impro02/Ses05F_impro02_M008.txt,fru,"[1.5000, 3.0000, 1.5000]"
Session5/sentences/MOCAP_head/Ses05F_impro02/Ses05F_impro02_M009.txt,Session5/sentences/wav/Ses05F_impro02/Ses05F_impro02_M009.wav,Session5/sentences/MOCAP_rotated/Ses05F_impro02/Ses05F_impro02_M009.txt,xxx,"[1.5000, 3.0000, 1.5000]"
Session5/sentences/MOCAP_head/Ses05F_impro02/Ses05F_impro02_M010.txt,Session5/sentences/wav/Ses05F_impro02/Ses05F_impro02_M010.wav,Session5/sentences/MOCAP_rotated/Ses05F_impro02/Ses05F_impro02_M010.txt,ang,"[2.0000, 3.5000, 2.5000]"
Session5/sentences/MOCAP_head/Ses05F_impro02/Ses05F_impro02_M011.txt,Session5/sentences/wav/Ses05F_impro02/Ses05F_impro02_M011.wav,Session5/sentences/MOCAP_rotated/Ses05F_impro02/Ses05F_impro02_M011.txt,xxx,"[1.5000, 3.5000, 2.0000]"
Session5/sentences/MOCAP_head/Ses05F_impro02/Ses05F_impro02_M012.txt,Session5/sentences/wav/Ses05F_impro02/Ses05F_impro02_M012.wav,Session5/sentences/MOCAP_rotated/Ses05F_impro02/Ses05F_impro02_M012.txt,xxx,"[1.5000, 3.0000, 2.0000]"
Session5/sentences/MOCAP_head/Ses05F_impro02/Ses05F_impro02_M013.txt,Session5/sentences/wav/Ses05F_impro02/Ses05F_impro02_M013.wav,Session5/sentences/MOCAP_rotated/Ses05F_impro02/Ses05F_impro02_M013.txt,xxx,"[1.5000, 3.5000, 3.0000]"
Session5/sentences/MOCAP_head/Ses05F_impro02/Ses05F_impro02_M014.txt,Session5/sentences/wav/Ses05F_impro02/Ses05F_impro02_M014.wav,Session5/sentences/MOCAP_rotated/Ses05F_impro02/Ses05F_impro02_M014.txt,ang,"[1.5000, 3.5000, 2.5000]"
Session5/sentences/MOCAP_head/Ses05F_impro02/Ses05F_impro02_M015.txt,Session5/sentences/wav/Ses05F_impro02/Ses05F_impro02_M015.wav,Session5/sentences/MOCAP_rotated/Ses05F_impro02/Ses05F_impro02_M015.txt,ang,"[1.5000, 4.0000, 3.5000]"
Session5/sentences/MOCAP_head/Ses05F_impro02/Ses05F_impro02_M016.txt,Session5/sentences/wav/Ses05F_impro02/Ses05F_impro02_M016.wav,Session5/sentences/MOCAP_rotated/Ses05F_impro02/Ses05F_impro02_M016.txt,fru,"[1.5000, 2.5000, 2.0000]"
Session5/sentences/MOCAP_head/Ses05F_impro02/Ses05F_impro02_M017.txt,Session5/sentences/wav/Ses05F_impro02/Ses05F_impro02_M017.wav,Session5/sentences/MOCAP_rotated/Ses05F_impro02/Ses05F_impro02_M017.txt,xxx,"[1.5000, 4.0000, 3.0000]"
Session5/sentences/MOCAP_head/Ses05F_impro02/Ses05F_impro02_M018.txt,Session5/sentences/wav/Ses05F_impro02/Ses05F_impro02_M018.wav,Session5/sentences/MOCAP_rotated/Ses05F_impro02/Ses05F_impro02_M018.txt,xxx,"[1.5000, 3.5000, 2.5000]"
Session5/sentences/MOCAP_head/Ses05F_impro02/Ses05F_impro02_M019.txt,Session5/sentences/wav/Ses05F_impro02/Ses05F_impro02_M019.wav,Session5/sentences/MOCAP_rotated/Ses05F_impro02/Ses05F_impro02_M019.txt,sur,"[1.5000, 4.0000, 2.5000]"
Session5/sentences/MOCAP_head/Ses05F_impro02/Ses05F_impro02_M020.txt,Session5/sentences/wav/Ses05F_impro02/Ses05F_impro02_M020.wav,Session5/sentences/MOCAP_rotated/Ses05F_impro02/Ses05F_impro02_M020.txt,xxx,"[1.5000, 3.0000, 2.0000]"
Session5/sentences/MOCAP_head/Ses05F_impro02/Ses05F_impro02_M021.txt,Session5/sentences/wav/Ses05F_impro02/Ses05F_impro02_M021.wav,Session5/sentences/MOCAP_rotated/Ses05F_impro02/Ses05F_impro02_M021.txt,xxx,"[1.5000, 2.5000, 2.0000]"
Session5/sentences/MOCAP_head/Ses05F_impro02/Ses05F_impro02_M022.txt,Session5/sentences/wav/Ses05F_impro02/Ses05F_impro02_M022.wav,Session5/sentences/MOCAP_rotated/Ses05F_impro02/Ses05F_impro02_M022.txt,xxx,"[1.5000, 3.5000, 1.0000]"
Session5/sentences/MOCAP_head/Ses05F_impro02/Ses05F_impro02_M023.txt,Session5/sentences/wav/Ses05F_impro02/Ses05F_impro02_M023.wav,Session5/sentences/MOCAP_rotated/Ses05F_impro02/Ses05F_impro02_M023.txt,xxx,"[1.5000, 3.5000, 2.0000]"
Session5/sentences/MOCAP_head/Ses05F_impro02/Ses05F_impro02_M024.txt,Session5/sentences/wav/Ses05F_impro02/Ses05F_impro02_M024.wav,Session5/sentences/MOCAP_rotated/Ses05F_impro02/Ses05F_impro02_M024.txt,sad,"[1.5000, 3.5000, 1.5000]"
Session5/sentences/MOCAP_head/Ses05F_impro02/Ses05F_impro02_M025.txt,Session5/sentences/wav/Ses05F_impro02/Ses05F_impro02_M025.wav,Session5/sentences/MOCAP_rotated/Ses05F_impro02/Ses05F_impro02_M025.txt,sad,"[1.0000, 3.5000, 1.0000]"
Session5/sentences/MOCAP_head/Ses05F_impro02/Ses05F_impro02_M026.txt,Session5/sentences/wav/Ses05F_impro02/Ses05F_impro02_M026.wav,Session5/sentences/MOCAP_rotated/Ses05F_impro02/Ses05F_impro02_M026.txt,sad,"[1.5000, 3.5000, 1.5000]"
Session5/sentences/MOCAP_head/Ses05F_impro02/Ses05F_impro02_M027.txt,Session5/sentences/wav/Ses05F_impro02/Ses05F_impro02_M027.wav,Session5/sentences/MOCAP_rotated/Ses05F_impro02/Ses05F_impro02_M027.txt,xxx,"[1.5000, 3.5000, 3.0000]"
Session5/sentences/MOCAP_head/Ses05F_impro02/Ses05F_impro02_M028.txt,Session5/sentences/wav/Ses05F_impro02/Ses05F_impro02_M028.wav,Session5/sentences/MOCAP_rotated/Ses05F_impro02/Ses05F_impro02_M028.txt,xxx,"[1.5000, 4.0000, 1.5000]"
Session5/sentences/MOCAP_head/Ses05F_impro02/Ses05F_impro02_M029.txt,Session5/sentences/wav/Ses05F_impro02/Ses05F_impro02_M029.wav,Session5/sentences/MOCAP_rotated/Ses05F_impro02/Ses05F_impro02_M029.txt,sad,"[1.5000, 3.0000, 1.0000]"
Session5/sentences/MOCAP_head/Ses05F_impro02/Ses05F_impro02_M030.txt,Session5/sentences/wav/Ses05F_impro02/Ses05F_impro02_M030.wav,Session5/sentences/MOCAP_rotated/Ses05F_impro02/Ses05F_impro02_M030.txt,xxx,"[1.5000, 3.5000, 1.5000]"
Session5/sentences/MOCAP_head/Ses05F_impro02/Ses05F_impro02_M031.txt,Session5/sentences/wav/Ses05F_impro02/Ses05F_impro02_M031.wav,Session5/sentences/MOCAP_rotated/Ses05F_impro02/Ses05F_impro02_M031.txt,sad,"[1.5000, 1.5000, 1.0000]"
Session5/sentences/MOCAP_head/Ses05F_impro02/Ses05F_impro02_M032.txt,Session5/sentences/wav/Ses05F_impro02/Ses05F_impro02_M032.wav,Session5/sentences/MOCAP_rotated/Ses05F_impro02/Ses05F_impro02_M032.txt,sad,"[1.5000, 3.5000, 1.0000]"
Session5/sentences/MOCAP_head/Ses05F_impro02/Ses05F_impro02_M033.txt,Session5/sentences/wav/Ses05F_impro02/Ses05F_impro02_M033.wav,Session5/sentences/MOCAP_rotated/Ses05F_impro02/Ses05F_impro02_M033.txt,sad,"[1.5000, 3.0000, 1.0000]"
Session5/sentences/MOCAP_head/Ses05F_impro02/Ses05F_impro02_M034.txt,Session5/sentences/wav/Ses05F_impro02/Ses05F_impro02_M034.wav,Session5/sentences/MOCAP_rotated/Ses05F_impro02/Ses05F_impro02_M034.txt,sad,"[2.0000, 2.5000, 1.5000]"
Session5/sentences/MOCAP_head/Ses05F_impro02/Ses05F_impro02_M035.txt,Session5/sentences/wav/Ses05F_impro02/Ses05F_impro02_M035.wav,Session5/sentences/MOCAP_rotated/Ses05F_impro02/Ses05F_impro02_M035.txt,sad,"[1.5000, 3.5000, 1.5000]"
Session5/sentences/MOCAP_head/Ses05F_impro02/Ses05F_impro02_M036.txt,Session5/sentences/wav/Ses05F_impro02/Ses05F_impro02_M036.wav,Session5/sentences/MOCAP_rotated/Ses05F_impro02/Ses05F_impro02_M036.txt,sad,"[1.5000, 3.0000, 2.0000]"
Session5/sentences/MOCAP_head/Ses05F_impro02/Ses05F_impro02_M037.txt,Session5/sentences/wav/Ses05F_impro02/Ses05F_impro02_M037.wav,Session5/sentences/MOCAP_rotated/Ses05F_impro02/Ses05F_impro02_M037.txt,xxx,"[2.0000, 3.0000, 2.5000]"
Session5/sentences/MOCAP_head/Ses05F_impro02/Ses05F_impro02_M038.txt,Session5/sentences/wav/Ses05F_impro02/Ses05F_impro02_M038.wav,Session5/sentences/MOCAP_rotated/Ses05F_impro02/Ses05F_impro02_M038.txt,xxx,"[1.5000, 3.0000, 1.5000]"
Session5/sentences/MOCAP_head/Ses05F_impro02/Ses05F_impro02_M039.txt,Session5/sentences/wav/Ses05F_impro02/Ses05F_impro02_M039.wav,Session5/sentences/MOCAP_rotated/Ses05F_impro02/Ses05F_impro02_M039.txt,sur,"[1.5000, 4.0000, 1.0000]"
Session5/sentences/MOCAP_head/Ses05F_impro02/Ses05F_impro02_M040.txt,Session5/sentences/wav/Ses05F_impro02/Ses05F_impro02_M040.wav,Session5/sentences/MOCAP_rotated/Ses05F_impro02/Ses05F_impro02_M040.txt,xxx,"[1.5000, 2.0000, 2.5000]"
Session5/sentences/MOCAP_head/Ses05F_impro02/Ses05F_impro02_M041.txt,Session5/sentences/wav/Ses05F_impro02/Ses05F_impro02_M041.wav,Session5/sentences/MOCAP_rotated/Ses05F_impro02/Ses05F_impro02_M041.txt,sad,"[2.0000, 2.5000, 2.0000]"
Session5/sentences/MOCAP_head/Ses05F_impro03/Ses05F_impro03_M000.txt,Session5/sentences/wav/Ses05F_impro03/Ses05F_impro03_M000.wav,Session5/sentences/MOCAP_rotated/Ses05F_impro03/Ses05F_impro03_M000.txt,hap,"[4.0000, 3.5000, 3.5000]"
Session5/sentences/MOCAP_head/Ses05F_impro03/Ses05F_impro03_M001.txt,Session5/sentences/wav/Ses05F_impro03/Ses05F_impro03_M001.wav,Session5/sentences/MOCAP_rotated/Ses05F_impro03/Ses05F_impro03_M001.txt,hap,"[4.0000, 3.0000, 3.0000]"
Session5/sentences/MOCAP_head/Ses05F_impro03/Ses05F_impro03_M002.txt,Session5/sentences/wav/Ses05F_impro03/Ses05F_impro03_M002.wav,Session5/sentences/MOCAP_rotated/Ses05F_impro03/Ses05F_impro03_M002.txt,hap,"[3.5000, 3.0000, 3.5000]"
Session5/sentences/MOCAP_head/Ses05F_impro03/Ses05F_impro03_M003.txt,Session5/sentences/wav/Ses05F_impro03/Ses05F_impro03_M003.wav,Session5/sentences/MOCAP_rotated/Ses05F_impro03/Ses05F_impro03_M003.txt,hap,"[4.5000, 4.0000, 4.0000]"
Session5/sentences/MOCAP_head/Ses05F_impro03/Ses05F_impro03_M004.txt,Session5/sentences/wav/Ses05F_impro03/Ses05F_impro03_M004.wav,Session5/sentences/MOCAP_rotated/Ses05F_impro03/Ses05F_impro03_M004.txt,exc,"[4.0000, 3.0000, 3.0000]"
Session5/sentences/MOCAP_head/Ses05F_impro03/Ses05F_impro03_M005.txt,Session5/sentences/wav/Ses05F_impro03/Ses05F_impro03_M005.wav,Session5/sentences/MOCAP_rotated/Ses05F_impro03/Ses05F_impro03_M005.txt,exc,"[4.0000, 3.5000, 3.5000]"
Session5/sentences/MOCAP_head/Ses05F_impro03/Ses05F_impro03_M006.txt,Session5/sentences/wav/Ses05F_impro03/Ses05F_impro03_M006.wav,Session5/sentences/MOCAP_rotated/Ses05F_impro03/Ses05F_impro03_M006.txt,sur,"[3.0000, 4.0000, 4.5000]"
Session5/sentences/MOCAP_head/Ses05F_impro03/Ses05F_impro03_M007.txt,Session5/sentences/wav/Ses05F_impro03/Ses05F_impro03_M007.wav,Session5/sentences/MOCAP_rotated/Ses05F_impro03/Ses05F_impro03_M007.txt,exc,"[3.5000, 3.5000, 4.5000]"
Session5/sentences/MOCAP_head/Ses05F_impro03/Ses05F_impro03_M008.txt,Session5/sentences/wav/Ses05F_impro03/Ses05F_impro03_M008.wav,Session5/sentences/MOCAP_rotated/Ses05F_impro03/Ses05F_impro03_M008.txt,xxx,"[3.5000, 3.5000, 4.5000]"
Session5/sentences/MOCAP_head/Ses05F_impro03/Ses05F_impro03_M009.txt,Session5/sentences/wav/Ses05F_impro03/Ses05F_impro03_M009.wav,Session5/sentences/MOCAP_rotated/Ses05F_impro03/Ses05F_impro03_M009.txt,exc,"[4.5000, 4.5000, 4.5000]"
Session5/sentences/MOCAP_head/Ses05F_impro03/Ses05F_impro03_M010.txt,Session5/sentences/wav/Ses05F_impro03/Ses05F_impro03_M010.wav,Session5/sentences/MOCAP_rotated/Ses05F_impro03/Ses05F_impro03_M010.txt,exc,"[4.5000, 4.0000, 4.0000]"
Session5/sentences/MOCAP_head/Ses05F_impro03/Ses05F_impro03_M011.txt,Session5/sentences/wav/Ses05F_impro03/Ses05F_impro03_M011.wav,Session5/sentences/MOCAP_rotated/Ses05F_impro03/Ses05F_impro03_M011.txt,exc,"[3.5000, 4.0000, 4.5000]"
Session5/sentences/MOCAP_head/Ses05F_impro03/Ses05F_impro03_M012.txt,Session5/sentences/wav/Ses05F_impro03/Ses05F_impro03_M012.wav,Session5/sentences/MOCAP_rotated/Ses05F_impro03/Ses05F_impro03_M012.txt,exc,"[4.0000, 3.5000, 4.0000]"
Session5/sentences/MOCAP_head/Ses05F_impro03/Ses05F_impro03_M013.txt,Session5/sentences/wav/Ses05F_impro03/Ses05F_impro03_M013.wav,Session5/sentences/MOCAP_rotated/Ses05F_impro03/Ses05F_impro03_M013.txt,exc,"[4.0000, 3.0000, 3.5000]"
Session5/sentences/MOCAP_head/Ses05F_impro03/Ses05F_impro03_M014.txt,Session5/sentences/wav/Ses05F_impro03/Ses05F_impro03_M014.wav,Session5/sentences/MOCAP_rotated/Ses05F_impro03/Ses05F_impro03_M014.txt,exc,"[3.5000, 3.0000, 4.0000]"
Session5/sentences/MOCAP_head/Ses05F_impro03/Ses05F_impro03_M015.txt,Session5/sentences/wav/Ses05F_impro03/Ses05F_impro03_M015.wav,Session5/sentences/MOCAP_rotated/Ses05F_impro03/Ses05F_impro03_M015.txt,exc,"[3.0000, 4.0000, 4.5000]"
Session5/sentences/MOCAP_head/Ses05F_impro03/Ses05F_impro03_M016.txt,Session5/sentences/wav/Ses05F_impro03/Ses05F_impro03_M016.wav,Session5/sentences/MOCAP_rotated/Ses05F_impro03/Ses05F_impro03_M016.txt,exc,"[4.5000, 4.0000, 4.5000]"
Session5/sentences/MOCAP_head/Ses05F_impro03/Ses05F_impro03_M017.txt,Session5/sentences/wav/Ses05F_impro03/Ses05F_impro03_M017.wav,Session5/sentences/MOCAP_rotated/Ses05F_impro03/Ses05F_impro03_M017.txt,exc,"[4.0000, 4.5000, 4.5000]"
Session5/sentences/MOCAP_head/Ses05F_impro03/Ses05F_impro03_M018.txt,Session5/sentences/wav/Ses05F_impro03/Ses05F_impro03_M018.wav,Session5/sentences/MOCAP_rotated/Ses05F_impro03/Ses05F_impro03_M018.txt,xxx,"[4.0000, 3.5000, 3.5000]"
Session5/sentences/MOCAP_head/Ses05F_impro03/Ses05F_impro03_M019.txt,Session5/sentences/wav/Ses05F_impro03/Ses05F_impro03_M019.wav,Session5/sentences/MOCAP_rotated/Ses05F_impro03/Ses05F_impro03_M019.txt,xxx,"[4.0000, 3.0000, 3.5000]"
Session5/sentences/MOCAP_head/Ses05F_impro03/Ses05F_impro03_M020.txt,Session5/sentences/wav/Ses05F_impro03/Ses05F_impro03_M020.wav,Session5/sentences/MOCAP_rotated/Ses05F_impro03/Ses05F_impro03_M020.txt,xxx,"[4.0000, 3.5000, 3.5000]"
Session5/sentences/MOCAP_head/Ses05F_impro03/Ses05F_impro03_M021.txt,Session5/sentences/wav/Ses05F_impro03/Ses05F_impro03_M021.wav,Session5/sentences/MOCAP_rotated/Ses05F_impro03/Ses05F_impro03_M021.txt,xxx,"[4.0000, 3.0000, 3.5000]"
Session5/sentences/MOCAP_head/Ses05F_impro03/Ses05F_impro03_M022.txt,Session5/sentences/wav/Ses05F_impro03/Ses05F_impro03_M022.wav,Session5/sentences/MOCAP_rotated/Ses05F_impro03/Ses05F_impro03_M022.txt,xxx,"[4.0000, 2.5000, 3.5000]"
Session5/sentences/MOCAP_head/Ses05F_impro03/Ses05F_impro03_M023.txt,Session5/sentences/wav/Ses05F_impro03/Ses05F_impro03_M023.wav,Session5/sentences/MOCAP_rotated/Ses05F_impro03/Ses05F_impro03_M023.txt,xxx,"[4.0000, 4.0000, 4.5000]"
Session5/sentences/MOCAP_head/Ses05F_impro03/Ses05F_impro03_M024.txt,Session5/sentences/wav/Ses05F_impro03/Ses05F_impro03_M024.wav,Session5/sentences/MOCAP_rotated/Ses05F_impro03/Ses05F_impro03_M024.txt,exc,"[3.5000, 3.5000, 4.0000]"
Session5/sentences/MOCAP_head/Ses05F_impro03/Ses05F_impro03_M025.txt,Session5/sentences/wav/Ses05F_impro03/Ses05F_impro03_M025.wav,Session5/sentences/MOCAP_rotated/Ses05F_impro03/Ses05F_impro03_M025.txt,xxx,"[4.0000, 3.0000, 3.5000]"
Session5/sentences/MOCAP_head/Ses05F_impro03/Ses05F_impro03_M026.txt,Session5/sentences/wav/Ses05F_impro03/Ses05F_impro03_M026.wav,Session5/sentences/MOCAP_rotated/Ses05F_impro03/Ses05F_impro03_M026.txt,xxx,"[3.5000, 3.0000, 3.5000]"
Session5/sentences/MOCAP_head/Ses05F_impro03/Ses05F_impro03_M027.txt,Session5/sentences/wav/Ses05F_impro03/Ses05F_impro03_M027.wav,Session5/sentences/MOCAP_rotated/Ses05F_impro03/Ses05F_impro03_M027.txt,xxx,"[2.5000, 3.5000, 3.5000]"
Session5/sentences/MOCAP_head/Ses05F_impro03/Ses05F_impro03_M028.txt,Session5/sentences/wav/Ses05F_impro03/Ses05F_impro03_M028.wav,Session5/sentences/MOCAP_rotated/Ses05F_impro03/Ses05F_impro03_M028.txt,xxx,"[4.0000, 2.5000, 3.5000]"
Session5/sentences/MOCAP_head/Ses05F_impro03/Ses05F_impro03_M029.txt,Session5/sentences/wav/Ses05F_impro03/Ses05F_impro03_M029.wav,Session5/sentences/MOCAP_rotated/Ses05F_impro03/Ses05F_impro03_M029.txt,xxx,"[3.0000, 3.0000, 3.0000]"
Session5/sentences/MOCAP_head/Ses05F_impro03/Ses05F_impro03_M030.txt,Session5/sentences/wav/Ses05F_impro03/Ses05F_impro03_M030.wav,Session5/sentences/MOCAP_rotated/Ses05F_impro03/Ses05F_impro03_M030.txt,xxx,"[4.0000, 2.5000, 3.0000]"
Session5/sentences/MOCAP_head/Ses05F_impro03/Ses05F_impro03_M031.txt,Session5/sentences/wav/Ses05F_impro03/Ses05F_impro03_M031.wav,Session5/sentences/MOCAP_rotated/Ses05F_impro03/Ses05F_impro03_M031.txt,exc,"[4.0000, 4.0000, 4.5000]"
Session5/sentences/MOCAP_head/Ses05F_impro03/Ses05F_impro03_M032.txt,Session5/sentences/wav/Ses05F_impro03/Ses05F_impro03_M032.wav,Session5/sentences/MOCAP_rotated/Ses05F_impro03/Ses05F_impro03_M032.txt,xxx,"[4.5000, 3.5000, 4.5000]"
Session5/sentences/MOCAP_head/Ses05F_impro03/Ses05F_impro03_M033.txt,Session5/sentences/wav/Ses05F_impro03/Ses05F_impro03_M033.wav,Session5/sentences/MOCAP_rotated/Ses05F_impro03/Ses05F_impro03_M033.txt,xxx,"[3.5000, 3.5000, 4.0000]"
Session5/sentences/MOCAP_head/Ses05F_impro03/Ses05F_impro03_M034.txt,Session5/sentences/wav/Ses05F_impro03/Ses05F_impro03_M034.wav,Session5/sentences/MOCAP_rotated/Ses05F_impro03/Ses05F_impro03_M034.txt,hap,"[4.0000, 3.5000, 4.0000]"
Session5/sentences/MOCAP_head/Ses05F_impro03/Ses05F_impro03_M035.txt,Session5/sentences/wav/Ses05F_impro03/Ses05F_impro03_M035.wav,Session5/sentences/MOCAP_rotated/Ses05F_impro03/Ses05F_impro03_M035.txt,exc,"[3.5000, 3.0000, 3.5000]"
Session5/sentences/MOCAP_head/Ses05F_impro03/Ses05F_impro03_M036.txt,Session5/sentences/wav/Ses05F_impro03/Ses05F_impro03_M036.wav,Session5/sentences/MOCAP_rotated/Ses05F_impro03/Ses05F_impro03_M036.txt,exc,"[3.5000, 3.5000, 3.5000]"
Session5/sentences/MOCAP_head/Ses05F_impro03/Ses05F_impro03_M037.txt,Session5/sentences/wav/Ses05F_impro03/Ses05F_impro03_M037.wav,Session5/sentences/MOCAP_rotated/Ses05F_impro03/Ses05F_impro03_M037.txt,exc,"[4.0000, 3.5000, 3.5000]"
Session5/sentences/MOCAP_head/Ses05F_impro03/Ses05F_impro03_M038.txt,Session5/sentences/wav/Ses05F_impro03/Ses05F_impro03_M038.wav,Session5/sentences/MOCAP_rotated/Ses05F_impro03/Ses05F_impro03_M038.txt,xxx,"[4.0000, 3.0000, 4.5000]"
Session5/sentences/MOCAP_head/Ses05F_impro03/Ses05F_impro03_M039.txt,Session5/sentences/wav/Ses05F_impro03/Ses05F_impro03_M039.wav,Session5/sentences/MOCAP_rotated/Ses05F_impro03/Ses05F_impro03_M039.txt,exc,"[3.5000, 3.5000, 3.0000]"
Session5/sentences/MOCAP_head/Ses05F_impro03/Ses05F_impro03_M040.txt,Session5/sentences/wav/Ses05F_impro03/Ses05F_impro03_M040.wav,Session5/sentences/MOCAP_rotated/Ses05F_impro03/Ses05F_impro03_M040.txt,exc,"[4.0000, 3.0000, 4.5000]"
Session5/sentences/MOCAP_head/Ses05F_impro03/Ses05F_impro03_M041.txt,Session5/sentences/wav/Ses05F_impro03/Ses05F_impro03_M041.wav,Session5/sentences/MOCAP_rotated/Ses05F_impro03/Ses05F_impro03_M041.txt,exc,"[4.0000, 3.5000, 4.5000]"
Session5/sentences/MOCAP_head/Ses05F_impro03/Ses05F_impro03_M042.txt,Session5/sentences/wav/Ses05F_impro03/Ses05F_impro03_M042.wav,Session5/sentences/MOCAP_rotated/Ses05F_impro03/Ses05F_impro03_M042.txt,hap,"[4.5000, 4.0000, 3.5000]"
Session5/sentences/MOCAP_head/Ses05F_impro03/Ses05F_impro03_M043.txt,Session5/sentences/wav/Ses05F_impro03/Ses05F_impro03_M043.wav,Session5/sentences/MOCAP_rotated/Ses05F_impro03/Ses05F_impro03_M043.txt,exc,"[4.0000, 4.0000, 4.0000]"
Session5/sentences/MOCAP_head/Ses05F_impro03/Ses05F_impro03_M044.txt,Session5/sentences/wav/Ses05F_impro03/Ses05F_impro03_M044.wav,Session5/sentences/MOCAP_rotated/Ses05F_impro03/Ses05F_impro03_M044.txt,hap,"[4.0000, 3.0000, 3.5000]"
Session5/sentences/MOCAP_head/Ses05F_impro03/Ses05F_impro03_M045.txt,Session5/sentences/wav/Ses05F_impro03/Ses05F_impro03_M045.wav,Session5/sentences/MOCAP_rotated/Ses05F_impro03/Ses05F_impro03_M045.txt,hap,"[5.0000, 3.5000, 4.0000]"
Session5/sentences/MOCAP_head/Ses05F_impro03/Ses05F_impro03_M046.txt,Session5/sentences/wav/Ses05F_impro03/Ses05F_impro03_M046.wav,Session5/sentences/MOCAP_rotated/Ses05F_impro03/Ses05F_impro03_M046.txt,xxx,"[3.5000, 2.5000, 4.0000]"
Session5/sentences/MOCAP_head/Ses05F_impro03/Ses05F_impro03_M047.txt,Session5/sentences/wav/Ses05F_impro03/Ses05F_impro03_M047.wav,Session5/sentences/MOCAP_rotated/Ses05F_impro03/Ses05F_impro03_M047.txt,exc,"[4.5000, 4.5000, 4.0000]"
Session5/sentences/MOCAP_head/Ses05F_impro03/Ses05F_impro03_M048.txt,Session5/sentences/wav/Ses05F_impro03/Ses05F_impro03_M048.wav,Session5/sentences/MOCAP_rotated/Ses05F_impro03/Ses05F_impro03_M048.txt,exc,"[4.5000, 4.0000, 4.0000]"
Session5/sentences/MOCAP_head/Ses05F_impro03/Ses05F_impro03_M049.txt,Session5/sentences/wav/Ses05F_impro03/Ses05F_impro03_M049.wav,Session5/sentences/MOCAP_rotated/Ses05F_impro03/Ses05F_impro03_M049.txt,exc,"[4.0000, 3.0000, 4.0000]"
Session5/sentences/MOCAP_head/Ses05F_impro03/Ses05F_impro03_M050.txt,Session5/sentences/wav/Ses05F_impro03/Ses05F_impro03_M050.wav,Session5/sentences/MOCAP_rotated/Ses05F_impro03/Ses05F_impro03_M050.txt,exc,"[3.5000, 2.5000, 3.5000]"
Session5/sentences/MOCAP_head/Ses05F_impro03/Ses05F_impro03_M051.txt,Session5/sentences/wav/Ses05F_impro03/Ses05F_impro03_M051.wav,Session5/sentences/MOCAP_rotated/Ses05F_impro03/Ses05F_impro03_M051.txt,xxx,"[3.5000, 2.5000, 3.0000]"
Session5/sentences/MOCAP_head/Ses05F_impro03/Ses05F_impro03_M052.txt,Session5/sentences/wav/Ses05F_impro03/Ses05F_impro03_M052.wav,Session5/sentences/MOCAP_rotated/Ses05F_impro03/Ses05F_impro03_M052.txt,xxx,"[4.0000, 3.5000, 3.0000]"
Session5/sentences/MOCAP_head/Ses05F_impro03/Ses05F_impro03_M053.txt,Session5/sentences/wav/Ses05F_impro03/Ses05F_impro03_M053.wav,Session5/sentences/MOCAP_rotated/Ses05F_impro03/Ses05F_impro03_M053.txt,hap,"[4.0000, 2.5000, 3.0000]"
Session5/sentences/MOCAP_head/Ses05F_impro03/Ses05F_impro03_M054.txt,Session5/sentences/wav/Ses05F_impro03/Ses05F_impro03_M054.wav,Session5/sentences/MOCAP_rotated/Ses05F_impro03/Ses05F_impro03_M054.txt,exc,"[3.5000, 3.5000, 3.5000]"
Session5/sentences/MOCAP_head/Ses05F_impro03/Ses05F_impro03_M055.txt,Session5/sentences/wav/Ses05F_impro03/Ses05F_impro03_M055.wav,Session5/sentences/MOCAP_rotated/Ses05F_impro03/Ses05F_impro03_M055.txt,exc,"[3.5000, 3.0000, 3.5000]"
Session5/sentences/MOCAP_head/Ses05F_impro03/Ses05F_impro03_M056.txt,Session5/sentences/wav/Ses05F_impro03/Ses05F_impro03_M056.wav,Session5/sentences/MOCAP_rotated/Ses05F_impro03/Ses05F_impro03_M056.txt,xxx,"[3.0000, 3.0000, 3.0000]"
Session5/sentences/MOCAP_head/Ses05F_impro03/Ses05F_impro03_M057.txt,Session5/sentences/wav/Ses05F_impro03/Ses05F_impro03_M057.wav,Session5/sentences/MOCAP_rotated/Ses05F_impro03/Ses05F_impro03_M057.txt,xxx,"[4.0000, 3.0000, 3.0000]"
Session5/sentences/MOCAP_head/Ses05F_impro03/Ses05F_impro03_M058.txt,Session5/sentences/wav/Ses05F_impro03/Ses05F_impro03_M058.wav,Session5/sentences/MOCAP_rotated/Ses05F_impro03/Ses05F_impro03_M058.txt,xxx,"[3.5000, 3.0000, 3.5000]"
Session5/sentences/MOCAP_head/Ses05F_impro03/Ses05F_impro03_M059.txt,Session5/sentences/wav/Ses05F_impro03/Ses05F_impro03_M059.wav,Session5/sentences/MOCAP_rotated/Ses05F_impro03/Ses05F_impro03_M059.txt,xxx,"[4.0000, 2.5000, 3.5000]"
Session5/sentences/MOCAP_head/Ses05F_impro03/Ses05F_impro03_M060.txt,Session5/sentences/wav/Ses05F_impro03/Ses05F_impro03_M060.wav,Session5/sentences/MOCAP_rotated/Ses05F_impro03/Ses05F_impro03_M060.txt,xxx,"[4.0000, 3.0000, 3.5000]"
Session5/sentences/MOCAP_head/Ses05F_impro03/Ses05F_impro03_M061.txt,Session5/sentences/wav/Ses05F_impro03/Ses05F_impro03_M061.wav,Session5/sentences/MOCAP_rotated/Ses05F_impro03/Ses05F_impro03_M061.txt,hap,"[4.5000, 3.0000, 4.0000]"
Session5/sentences/MOCAP_head/Ses05F_impro03/Ses05F_impro03_M062.txt,Session5/sentences/wav/Ses05F_impro03/Ses05F_impro03_M062.wav,Session5/sentences/MOCAP_rotated/Ses05F_impro03/Ses05F_impro03_M062.txt,hap,"[4.0000, 3.0000, 3.0000]"
Session5/sentences/MOCAP_head/Ses05F_impro03/Ses05F_impro03_M063.txt,Session5/sentences/wav/Ses05F_impro03/Ses05F_impro03_M063.wav,Session5/sentences/MOCAP_rotated/Ses05F_impro03/Ses05F_impro03_M063.txt,xxx,"[3.5000, 2.0000, 3.0000]"
Session5/sentences/MOCAP_head/Ses05F_impro04/Ses05F_impro04_M000.txt,Session5/sentences/wav/Ses05F_impro04/Ses05F_impro04_M000.wav,Session5/sentences/MOCAP_rotated/Ses05F_impro04/Ses05F_impro04_M000.txt,neu,"[2.0000, 2.5000, 3.0000]"
Session5/sentences/MOCAP_head/Ses05F_impro04/Ses05F_impro04_M001.txt,Session5/sentences/wav/Ses05F_impro04/Ses05F_impro04_M001.wav,Session5/sentences/MOCAP_rotated/Ses05F_impro04/Ses05F_impro04_M001.txt,neu,"[2.5000, 3.0000, 3.5000]"
Session5/sentences/MOCAP_head/Ses05F_impro04/Ses05F_impro04_M002.txt,Session5/sentences/wav/Ses05F_impro04/Ses05F_impro04_M002.wav,Session5/sentences/MOCAP_rotated/Ses05F_impro04/Ses05F_impro04_M002.txt,fru,"[2.0000, 3.0000, 3.0000]"
Session5/sentences/MOCAP_head/Ses05F_impro04/Ses05F_impro04_M003.txt,Session5/sentences/wav/Ses05F_impro04/Ses05F_impro04_M003.wav,Session5/sentences/MOCAP_rotated/Ses05F_impro04/Ses05F_impro04_M003.txt,neu,"[2.5000, 3.0000, 3.0000]"
Session5/sentences/MOCAP_head/Ses05F_impro04/Ses05F_impro04_M004.txt,Session5/sentences/wav/Ses05F_impro04/Ses05F_impro04_M004.wav,Session5/sentences/MOCAP_rotated/Ses05F_impro04/Ses05F_impro04_M004.txt,neu,"[2.5000, 2.5000, 3.5000]"
Session5/sentences/MOCAP_head/Ses05F_impro04/Ses05F_impro04_M005.txt,Session5/sentences/wav/Ses05F_impro04/Ses05F_impro04_M005.wav,Session5/sentences/MOCAP_rotated/Ses05F_impro04/Ses05F_impro04_M005.txt,neu,"[3.5000, 4.0000, 3.5000]"
Session5/sentences/MOCAP_head/Ses05F_impro04/Ses05F_impro04_M006.txt,Session5/sentences/wav/Ses05F_impro04/Ses05F_impro04_M006.wav,Session5/sentences/MOCAP_rotated/Ses05F_impro04/Ses05F_impro04_M006.txt,fru,"[3.0000, 2.5000, 2.5000]"
Session5/sentences/MOCAP_head/Ses05F_impro04/Ses05F_impro04_M007.txt,Session5/sentences/wav/Ses05F_impro04/Ses05F_impro04_M007.wav,Session5/sentences/MOCAP_rotated/Ses05F_impro04/Ses05F_impro04_M007.txt,neu,"[3.0000, 3.5000, 3.0000]"
Session5/sentences/MOCAP_head/Ses05F_impro04/Ses05F_impro04_M008.txt,Session5/sentences/wav/Ses05F_impro04/Ses05F_impro04_M008.wav,Session5/sentences/MOCAP_rotated/Ses05F_impro04/Ses05F_impro04_M008.txt,neu,"[2.5000, 3.5000, 3.0000]"
Session5/sentences/MOCAP_head/Ses05F_impro04/Ses05F_impro04_M009.txt,Session5/sentences/wav/Ses05F_impro04/Ses05F_impro04_M009.wav,Session5/sentences/MOCAP_rotated/Ses05F_impro04/Ses05F_impro04_M009.txt,neu,"[2.5000, 3.0000, 3.5000]"
Session5/sentences/MOCAP_head/Ses05F_impro04/Ses05F_impro04_M010.txt,Session5/sentences/wav/Ses05F_impro04/Ses05F_impro04_M010.wav,Session5/sentences/MOCAP_rotated/Ses05F_impro04/Ses05F_impro04_M010.txt,neu,"[2.5000, 2.5000, 3.0000]"
Session5/sentences/MOCAP_head/Ses05F_impro04/Ses05F_impro04_M011.txt,Session5/sentences/wav/Ses05F_impro04/Ses05F_impro04_M011.wav,Session5/sentences/MOCAP_rotated/Ses05F_impro04/Ses05F_impro04_M011.txt,neu,"[3.0000, 3.0000, 2.5000]"
Session5/sentences/MOCAP_head/Ses05F_impro04/Ses05F_impro04_M012.txt,Session5/sentences/wav/Ses05F_impro04/Ses05F_impro04_M012.wav,Session5/sentences/MOCAP_rotated/Ses05F_impro04/Ses05F_impro04_M012.txt,neu,"[2.5000, 3.5000, 3.5000]"
Session5/sentences/MOCAP_head/Ses05F_impro04/Ses05F_impro04_M013.txt,Session5/sentences/wav/Ses05F_impro04/Ses05F_impro04_M013.wav,Session5/sentences/MOCAP_rotated/Ses05F_impro04/Ses05F_impro04_M013.txt,neu,"[3.5000, 3.0000, 3.0000]"
Session5/sentences/MOCAP_head/Ses05F_impro04/Ses05F_impro04_M014.txt,Session5/sentences/wav/Ses05F_impro04/Ses05F_impro04_M014.wav,Session5/sentences/MOCAP_rotated/Ses05F_impro04/Ses05F_impro04_M014.txt,fru,"[1.5000, 3.5000, 3.5000]"
Session5/sentences/MOCAP_head/Ses05F_impro04/Ses05F_impro04_M015.txt,Session5/sentences/wav/Ses05F_impro04/Ses05F_impro04_M015.wav,Session5/sentences/MOCAP_rotated/Ses05F_impro04/Ses05F_impro04_M015.txt,neu,"[2.5000, 3.0000, 3.5000]"
Session5/sentences/MOCAP_head/Ses05F_impro04/Ses05F_impro04_M016.txt,Session5/sentences/wav/Ses05F_impro04/Ses05F_impro04_M016.wav,Session5/sentences/MOCAP_rotated/Ses05F_impro04/Ses05F_impro04_M016.txt,neu,"[3.0000, 2.5000, 3.5000]"
Session5/sentences/MOCAP_head/Ses05F_impro04/Ses05F_impro04_M017.txt,Session5/sentences/wav/Ses05F_impro04/Ses05F_impro04_M017.wav,Session5/sentences/MOCAP_rotated/Ses05F_impro04/Ses05F_impro04_M017.txt,neu,"[3.0000, 3.0000, 3.0000]"
Session5/sentences/MOCAP_head/Ses05F_impro04/Ses05F_impro04_M018.txt,Session5/sentences/wav/Ses05F_impro04/Ses05F_impro04_M018.wav,Session5/sentences/MOCAP_rotated/Ses05F_impro04/Ses05F_impro04_M018.txt,xxx,"[2.5000, 3.0000, 4.0000]"
Session5/sentences/MOCAP_head/Ses05F_impro04/Ses05F_impro04_M019.txt,Session5/sentences/wav/Ses05F_impro04/Ses05F_impro04_M019.wav,Session5/sentences/MOCAP_rotated/Ses05F_impro04/Ses05F_impro04_M019.txt,fru,"[2.0000, 3.5000, 4.0000]"
Session5/sentences/MOCAP_head/Ses05F_impro04/Ses05F_impro04_M020.txt,Session5/sentences/wav/Ses05F_impro04/Ses05F_impro04_M020.wav,Session5/sentences/MOCAP_rotated/Ses05F_impro04/Ses05F_impro04_M020.txt,neu,"[2.5000, 3.0000, 4.0000]"
Session5/sentences/MOCAP_head/Ses05F_impro04/Ses05F_impro04_M021.txt,Session5/sentences/wav/Ses05F_impro04/Ses05F_impro04_M021.wav,Session5/sentences/MOCAP_rotated/Ses05F_impro04/Ses05F_impro04_M021.txt,fru,"[2.5000, 3.0000, 4.0000]"
Session5/sentences/MOCAP_head/Ses05F_impro04/Ses05F_impro04_M022.txt,Session5/sentences/wav/Ses05F_impro04/Ses05F_impro04_M022.wav,Session5/sentences/MOCAP_rotated/Ses05F_impro04/Ses05F_impro04_M022.txt,neu,"[2.5000, 3.0000, 3.5000]"
Session5/sentences/MOCAP_head/Ses05F_impro04/Ses05F_impro04_M023.txt,Session5/sentences/wav/Ses05F_impro04/Ses05F_impro04_M023.wav,Session5/sentences/MOCAP_rotated/Ses05F_impro04/Ses05F_impro04_M023.txt,fru,"[2.0000, 3.5000, 3.0000]"
Session5/sentences/MOCAP_head/Ses05F_impro04/Ses05F_impro04_M024.txt,Session5/sentences/wav/Ses05F_impro04/Ses05F_impro04_M024.wav,Session5/sentences/MOCAP_rotated/Ses05F_impro04/Ses05F_impro04_M024.txt,neu,"[2.0000, 2.5000, 3.5000]"
Session5/sentences/MOCAP_head/Ses05F_impro04/Ses05F_impro04_M025.txt,Session5/sentences/wav/Ses05F_impro04/Ses05F_impro04_M025.wav,Session5/sentences/MOCAP_rotated/Ses05F_impro04/Ses05F_impro04_M025.txt,neu,"[2.5000, 3.0000, 4.0000]"
Session5/sentences/MOCAP_head/Ses05F_impro04/Ses05F_impro04_M026.txt,Session5/sentences/wav/Ses05F_impro04/Ses05F_impro04_M026.wav,Session5/sentences/MOCAP_rotated/Ses05F_impro04/Ses05F_impro04_M026.txt,neu,"[3.0000, 3.0000, 3.5000]"
Session5/sentences/MOCAP_head/Ses05F_impro04/Ses05F_impro04_M027.txt,Session5/sentences/wav/Ses05F_impro04/Ses05F_impro04_M027.wav,Session5/sentences/MOCAP_rotated/Ses05F_impro04/Ses05F_impro04_M027.txt,neu,"[3.0000, 3.0000, 3.0000]"
Session5/sentences/MOCAP_head/Ses05F_impro04/Ses05F_impro04_M028.txt,Session5/sentences/wav/Ses05F_impro04/Ses05F_impro04_M028.wav,Session5/sentences/MOCAP_rotated/Ses05F_impro04/Ses05F_impro04_M028.txt,neu,"[3.0000, 3.5000, 3.0000]"
Session5/sentences/MOCAP_head/Ses05F_impro04/Ses05F_impro04_M029.txt,Session5/sentences/wav/Ses05F_impro04/Ses05F_impro04_M029.wav,Session5/sentences/MOCAP_rotated/Ses05F_impro04/Ses05F_impro04_M029.txt,neu,"[3.0000, 2.5000, 2.5000]"
Session5/sentences/MOCAP_head/Ses05F_impro04/Ses05F_impro04_M030.txt,Session5/sentences/wav/Ses05F_impro04/Ses05F_impro04_M030.wav,Session5/sentences/MOCAP_rotated/Ses05F_impro04/Ses05F_impro04_M030.txt,neu,"[3.0000, 2.5000, 3.0000]"
Session5/sentences/MOCAP_head/Ses05F_impro04/Ses05F_impro04_M031.txt,Session5/sentences/wav/Ses05F_impro04/Ses05F_impro04_M031.wav,Session5/sentences/MOCAP_rotated/Ses05F_impro04/Ses05F_impro04_M031.txt,neu,"[3.0000, 3.0000, 3.0000]"
Session5/sentences/MOCAP_head/Ses05F_impro04/Ses05F_impro04_M032.txt,Session5/sentences/wav/Ses05F_impro04/Ses05F_impro04_M032.wav,Session5/sentences/MOCAP_rotated/Ses05F_impro04/Ses05F_impro04_M032.txt,neu,"[3.0000, 3.0000, 3.0000]"
Session5/sentences/MOCAP_head/Ses05F_impro04/Ses05F_impro04_M033.txt,Session5/sentences/wav/Ses05F_impro04/Ses05F_impro04_M033.wav,Session5/sentences/MOCAP_rotated/Ses05F_impro04/Ses05F_impro04_M033.txt,neu,"[3.0000, 3.5000, 3.5000]"
Session5/sentences/MOCAP_head/Ses05F_impro04/Ses05F_impro04_M034.txt,Session5/sentences/wav/Ses05F_impro04/Ses05F_impro04_M034.wav,Session5/sentences/MOCAP_rotated/Ses05F_impro04/Ses05F_impro04_M034.txt,neu,"[2.5000, 2.5000, 3.0000]"
Session5/sentences/MOCAP_head/Ses05F_impro04/Ses05F_impro04_M035.txt,Session5/sentences/wav/Ses05F_impro04/Ses05F_impro04_M035.wav,Session5/sentences/MOCAP_rotated/Ses05F_impro04/Ses05F_impro04_M035.txt,neu,"[3.0000, 3.5000, 3.5000]"
Session5/sentences/MOCAP_head/Ses05F_impro04/Ses05F_impro04_M036.txt,Session5/sentences/wav/Ses05F_impro04/Ses05F_impro04_M036.wav,Session5/sentences/MOCAP_rotated/Ses05F_impro04/Ses05F_impro04_M036.txt,neu,"[3.5000, 2.5000, 2.5000]"
Session5/sentences/MOCAP_head/Ses05F_impro04/Ses05F_impro04_M037.txt,Session5/sentences/wav/Ses05F_impro04/Ses05F_impro04_M037.wav,Session5/sentences/MOCAP_rotated/Ses05F_impro04/Ses05F_impro04_M037.txt,neu,"[3.0000, 2.0000, 3.0000]"
Session5/sentences/MOCAP_head/Ses05F_impro04/Ses05F_impro04_M038.txt,Session5/sentences/wav/Ses05F_impro04/Ses05F_impro04_M038.wav,Session5/sentences/MOCAP_rotated/Ses05F_impro04/Ses05F_impro04_M038.txt,neu,"[3.0000, 2.0000, 2.5000]"
Session5/sentences/MOCAP_head/Ses05F_impro04/Ses05F_impro04_M039.txt,Session5/sentences/wav/Ses05F_impro04/Ses05F_impro04_M039.wav,Session5/sentences/MOCAP_rotated/Ses05F_impro04/Ses05F_impro04_M039.txt,neu,"[3.0000, 3.0000, 3.5000]"
Session5/sentences/MOCAP_head/Ses05F_impro04/Ses05F_impro04_M040.txt,Session5/sentences/wav/Ses05F_impro04/Ses05F_impro04_M040.wav,Session5/sentences/MOCAP_rotated/Ses05F_impro04/Ses05F_impro04_M040.txt,neu,"[3.0000, 2.5000, 3.5000]"
Session5/sentences/MOCAP_head/Ses05F_impro04/Ses05F_impro04_M041.txt,Session5/sentences/wav/Ses05F_impro04/Ses05F_impro04_M041.wav,Session5/sentences/MOCAP_rotated/Ses05F_impro04/Ses05F_impro04_M041.txt,neu,"[3.0000, 2.0000, 3.0000]"
Session5/sentences/MOCAP_head/Ses05F_impro04/Ses05F_impro04_M042.txt,Session5/sentences/wav/Ses05F_impro04/Ses05F_impro04_M042.wav,Session5/sentences/MOCAP_rotated/Ses05F_impro04/Ses05F_impro04_M042.txt,neu,"[2.5000, 2.5000, 3.0000]"
Session5/sentences/MOCAP_head/Ses05F_impro04/Ses05F_impro04_M043.txt,Session5/sentences/wav/Ses05F_impro04/Ses05F_impro04_M043.wav,Session5/sentences/MOCAP_rotated/Ses05F_impro04/Ses05F_impro04_M043.txt,neu,"[3.5000, 2.5000, 3.0000]"
Session5/sentences/MOCAP_head/Ses05F_impro05/Ses05F_impro05_M000.txt,Session5/sentences/wav/Ses05F_impro05/Ses05F_impro05_M000.wav,Session5/sentences/MOCAP_rotated/Ses05F_impro05/Ses05F_impro05_M000.txt,neu,"[3.0000, 3.0000, 3.0000]"
Session5/sentences/MOCAP_head/Ses05F_impro05/Ses05F_impro05_M001.txt,Session5/sentences/wav/Ses05F_impro05/Ses05F_impro05_M001.wav,Session5/sentences/MOCAP_rotated/Ses05F_impro05/Ses05F_impro05_M001.txt,neu,"[3.0000, 2.5000, 3.0000]"
Session5/sentences/MOCAP_head/Ses05F_impro05/Ses05F_impro05_M002.txt,Session5/sentences/wav/Ses05F_impro05/Ses05F_impro05_M002.wav,Session5/sentences/MOCAP_rotated/Ses05F_impro05/Ses05F_impro05_M002.txt,neu,"[3.0000, 2.5000, 3.0000]"
Session5/sentences/MOCAP_head/Ses05F_impro05/Ses05F_impro05_M003.txt,Session5/sentences/wav/Ses05F_impro05/Ses05F_impro05_M003.wav,Session5/sentences/MOCAP_rotated/Ses05F_impro05/Ses05F_impro05_M003.txt,neu,"[3.0000, 3.0000, 3.0000]"
Session5/sentences/MOCAP_head/Ses05F_impro05/Ses05F_impro05_M004.txt,Session5/sentences/wav/Ses05F_impro05/Ses05F_impro05_M004.wav,Session5/sentences/MOCAP_rotated/Ses05F_impro05/Ses05F_impro05_M004.txt,neu,"[3.0000, 2.5000, 3.0000]"
Session5/sentences/MOCAP_head/Ses05F_impro05/Ses05F_impro05_M005.txt,Session5/sentences/wav/Ses05F_impro05/Ses05F_impro05_M005.wav,Session5/sentences/MOCAP_rotated/Ses05F_impro05/Ses05F_impro05_M005.txt,neu,"[3.0000, 3.5000, 3.5000]"
Session5/sentences/MOCAP_head/Ses05F_impro05/Ses05F_impro05_M006.txt,Session5/sentences/wav/Ses05F_impro05/Ses05F_impro05_M006.wav,Session5/sentences/MOCAP_rotated/Ses05F_impro05/Ses05F_impro05_M006.txt,neu,"[2.5000, 3.0000, 3.5000]"
Session5/sentences/MOCAP_head/Ses05F_impro05/Ses05F_impro05_M007.txt,Session5/sentences/wav/Ses05F_impro05/Ses05F_impro05_M007.wav,Session5/sentences/MOCAP_rotated/Ses05F_impro05/Ses05F_impro05_M007.txt,neu,"[2.5000, 3.5000, 3.5000]"
Session5/sentences/MOCAP_head/Ses05F_impro05/Ses05F_impro05_M008.txt,Session5/sentences/wav/Ses05F_impro05/Ses05F_impro05_M008.wav,Session5/sentences/MOCAP_rotated/Ses05F_impro05/Ses05F_impro05_M008.txt,neu,"[2.5000, 2.0000, 3.5000]"
Session5/sentences/MOCAP_head/Ses05F_impro05/Ses05F_impro05_M009.txt,Session5/sentences/wav/Ses05F_impro05/Ses05F_impro05_M009.wav,Session5/sentences/MOCAP_rotated/Ses05F_impro05/Ses05F_impro05_M009.txt,neu,"[2.5000, 3.0000, 4.0000]"
Session5/sentences/MOCAP_head/Ses05F_impro05/Ses05F_impro05_M010.txt,Session5/sentences/wav/Ses05F_impro05/Ses05F_impro05_M010.wav,Session5/sentences/MOCAP_rotated/Ses05F_impro05/Ses05F_impro05_M010.txt,neu,"[2.5000, 2.5000, 3.5000]"
Session5/sentences/MOCAP_head/Ses05F_impro05/Ses05F_impro05_M011.txt,Session5/sentences/wav/Ses05F_impro05/Ses05F_impro05_M011.wav,Session5/sentences/MOCAP_rotated/Ses05F_impro05/Ses05F_impro05_M011.txt,fru,"[3.5000, 2.5000, 3.0000]"
Session5/sentences/MOCAP_head/Ses05F_impro05/Ses05F_impro05_M012.txt,Session5/sentences/wav/Ses05F_impro05/Ses05F_impro05_M012.wav,Session5/sentences/MOCAP_rotated/Ses05F_impro05/Ses05F_impro05_M012.txt,neu,"[2.5000, 2.0000, 3.0000]"
Session5/sentences/MOCAP_head/Ses05F_impro05/Ses05F_impro05_M013.txt,Session5/sentences/wav/Ses05F_impro05/Ses05F_impro05_M013.wav,Session5/sentences/MOCAP_rotated/Ses05F_impro05/Ses05F_impro05_M013.txt,fru,"[3.0000, 2.5000, 4.0000]"
Session5/sentences/MOCAP_head/Ses05F_impro05/Ses05F_impro05_M014.txt,Session5/sentences/wav/Ses05F_impro05/Ses05F_impro05_M014.wav,Session5/sentences/MOCAP_rotated/Ses05F_impro05/Ses05F_impro05_M014.txt,neu,"[3.0000, 3.0000, 3.5000]"
Session5/sentences/MOCAP_head/Ses05F_impro05/Ses05F_impro05_M015.txt,Session5/sentences/wav/Ses05F_impro05/Ses05F_impro05_M015.wav,Session5/sentences/MOCAP_rotated/Ses05F_impro05/Ses05F_impro05_M015.txt,neu,"[3.0000, 2.5000, 3.0000]"
Session5/sentences/MOCAP_head/Ses05F_impro05/Ses05F_impro05_M016.txt,Session5/sentences/wav/Ses05F_impro05/Ses05F_impro05_M016.wav,Session5/sentences/MOCAP_rotated/Ses05F_impro05/Ses05F_impro05_M016.txt,neu,"[2.5000, 3.0000, 3.5000]"
Session5/sentences/MOCAP_head/Ses05F_impro05/Ses05F_impro05_M017.txt,Session5/sentences/wav/Ses05F_impro05/Ses05F_impro05_M017.wav,Session5/sentences/MOCAP_rotated/Ses05F_impro05/Ses05F_impro05_M017.txt,neu,"[2.5000, 2.5000, 4.0000]"
Session5/sentences/MOCAP_head/Ses05F_impro05/Ses05F_impro05_M018.txt,Session5/sentences/wav/Ses05F_impro05/Ses05F_impro05_M018.wav,Session5/sentences/MOCAP_rotated/Ses05F_impro05/Ses05F_impro05_M018.txt,neu,"[2.5000, 3.0000, 3.5000]"
Session5/sentences/MOCAP_head/Ses05F_impro05/Ses05F_impro05_M019.txt,Session5/sentences/wav/Ses05F_impro05/Ses05F_impro05_M019.wav,Session5/sentences/MOCAP_rotated/Ses05F_impro05/Ses05F_impro05_M019.txt,neu,"[2.5000, 3.5000, 2.5000]"
Session5/sentences/MOCAP_head/Ses05F_impro05/Ses05F_impro05_M020.txt,Session5/sentences/wav/Ses05F_impro05/Ses05F_impro05_M020.wav,Session5/sentences/MOCAP_rotated/Ses05F_impro05/Ses05F_impro05_M020.txt,fru,"[2.5000, 3.0000, 3.0000]"
Session5/sentences/MOCAP_head/Ses05F_impro05/Ses05F_impro05_M021.txt,Session5/sentences/wav/Ses05F_impro05/Ses05F_impro05_M021.wav,Session5/sentences/MOCAP_rotated/Ses05F_impro05/Ses05F_impro05_M021.txt,fru,"[2.5000, 2.5000, 3.0000]"
Session5/sentences/MOCAP_head/Ses05F_impro05/Ses05F_impro05_M022.txt,Session5/sentences/wav/Ses05F_impro05/Ses05F_impro05_M022.wav,Session5/sentences/MOCAP_rotated/Ses05F_impro05/Ses05F_impro05_M022.txt,neu,"[2.5000, 2.5000, 3.5000]"
Session5/sentences/MOCAP_head/Ses05F_impro05/Ses05F_impro05_M023.txt,Session5/sentences/wav/Ses05F_impro05/Ses05F_impro05_M023.wav,Session5/sentences/MOCAP_rotated/Ses05F_impro05/Ses05F_impro05_M023.txt,neu,"[2.5000, 2.5000, 4.0000]"
Session5/sentences/MOCAP_head/Ses05F_impro05/Ses05F_impro05_M024.txt,Session5/sentences/wav/Ses05F_impro05/Ses05F_impro05_M024.wav,Session5/sentences/MOCAP_rotated/Ses05F_impro05/Ses05F_impro05_M024.txt,xxx,"[2.5000, 2.5000, 3.5000]"
Session5/sentences/MOCAP_head/Ses05F_impro05/Ses05F_impro05_M025.txt,Session5/sentences/wav/Ses05F_impro05/Ses05F_impro05_M025.wav,Session5/sentences/MOCAP_rotated/Ses05F_impro05/Ses05F_impro05_M025.txt,neu,"[2.5000, 3.5000, 3.5000]"
Session5/sentences/MOCAP_head/Ses05F_impro05/Ses05F_impro05_M026.txt,Session5/sentences/wav/Ses05F_impro05/Ses05F_impro05_M026.wav,Session5/sentences/MOCAP_rotated/Ses05F_impro05/Ses05F_impro05_M026.txt,fru,"[3.0000, 2.5000, 3.0000]"
Session5/sentences/MOCAP_head/Ses05F_impro05/Ses05F_impro05_M027.txt,Session5/sentences/wav/Ses05F_impro05/Ses05F_impro05_M027.wav,Session5/sentences/MOCAP_rotated/Ses05F_impro05/Ses05F_impro05_M027.txt,fru,"[2.5000, 3.0000, 3.5000]"
Session5/sentences/MOCAP_head/Ses05F_impro05/Ses05F_impro05_M028.txt,Session5/sentences/wav/Ses05F_impro05/Ses05F_impro05_M028.wav,Session5/sentences/MOCAP_rotated/Ses05F_impro05/Ses05F_impro05_M028.txt,fru,"[3.0000, 2.5000, 2.5000]"
Session5/sentences/MOCAP_head/Ses05F_impro05/Ses05F_impro05_M029.txt,Session5/sentences/wav/Ses05F_impro05/Ses05F_impro05_M029.wav,Session5/sentences/MOCAP_rotated/Ses05F_impro05/Ses05F_impro05_M029.txt,fru,"[2.5000, 3.0000, 4.0000]"
Session5/sentences/MOCAP_head/Ses05F_impro05/Ses05F_impro05_M030.txt,Session5/sentences/wav/Ses05F_impro05/Ses05F_impro05_M030.wav,Session5/sentences/MOCAP_rotated/Ses05F_impro05/Ses05F_impro05_M030.txt,neu,"[3.0000, 3.0000, 3.0000]"
Session5/sentences/MOCAP_head/Ses05F_impro05/Ses05F_impro05_M031.txt,Session5/sentences/wav/Ses05F_impro05/Ses05F_impro05_M031.wav,Session5/sentences/MOCAP_rotated/Ses05F_impro05/Ses05F_impro05_M031.txt,neu,"[2.5000, 3.0000, 3.5000]"
Session5/sentences/MOCAP_head/Ses05F_impro05/Ses05F_impro05_M032.txt,Session5/sentences/wav/Ses05F_impro05/Ses05F_impro05_M032.wav,Session5/sentences/MOCAP_rotated/Ses05F_impro05/Ses05F_impro05_M032.txt,neu,"[3.0000, 3.5000, 4.0000]"
Session5/sentences/MOCAP_head/Ses05F_impro05/Ses05F_impro05_M033.txt,Session5/sentences/wav/Ses05F_impro05/Ses05F_impro05_M033.wav,Session5/sentences/MOCAP_rotated/Ses05F_impro05/Ses05F_impro05_M033.txt,neu,"[2.0000, 3.0000, 4.0000]"
Session5/sentences/MOCAP_head/Ses05F_impro05/Ses05F_impro05_M034.txt,Session5/sentences/wav/Ses05F_impro05/Ses05F_impro05_M034.wav,Session5/sentences/MOCAP_rotated/Ses05F_impro05/Ses05F_impro05_M034.txt,neu,"[3.0000, 3.0000, 3.0000]"
Session5/sentences/MOCAP_head/Ses05F_impro05/Ses05F_impro05_M035.txt,Session5/sentences/wav/Ses05F_impro05/Ses05F_impro05_M035.wav,Session5/sentences/MOCAP_rotated/Ses05F_impro05/Ses05F_impro05_M035.txt,fru,"[3.0000, 3.0000, 3.5000]"
Session5/sentences/MOCAP_head/Ses05F_impro05/Ses05F_impro05_M036.txt,Session5/sentences/wav/Ses05F_impro05/Ses05F_impro05_M036.wav,Session5/sentences/MOCAP_rotated/Ses05F_impro05/Ses05F_impro05_M036.txt,neu,"[2.5000, 3.0000, 3.5000]"
Session5/sentences/MOCAP_head/Ses05F_impro05/Ses05F_impro05_M037.txt,Session5/sentences/wav/Ses05F_impro05/Ses05F_impro05_M037.wav,Session5/sentences/MOCAP_rotated/Ses05F_impro05/Ses05F_impro05_M037.txt,neu,"[2.5000, 3.0000, 2.5000]"
Session5/sentences/MOCAP_head/Ses05F_impro05/Ses05F_impro05_M038.txt,Session5/sentences/wav/Ses05F_impro05/Ses05F_impro05_M038.wav,Session5/sentences/MOCAP_rotated/Ses05F_impro05/Ses05F_impro05_M038.txt,fru,"[2.5000, 3.0000, 3.0000]"
Session5/sentences/MOCAP_head/Ses05F_impro05/Ses05F_impro05_M039.txt,Session5/sentences/wav/Ses05F_impro05/Ses05F_impro05_M039.wav,Session5/sentences/MOCAP_rotated/Ses05F_impro05/Ses05F_impro05_M039.txt,neu,"[2.5000, 3.0000, 4.0000]"
Session5/sentences/MOCAP_head/Ses05F_impro05/Ses05F_impro05_M040.txt,Session5/sentences/wav/Ses05F_impro05/Ses05F_impro05_M040.wav,Session5/sentences/MOCAP_rotated/Ses05F_impro05/Ses05F_impro05_M040.txt,neu,"[2.5000, 2.5000, 3.0000]"
Session5/sentences/MOCAP_head/Ses05F_impro05/Ses05F_impro05_M041.txt,Session5/sentences/wav/Ses05F_impro05/Ses05F_impro05_M041.wav,Session5/sentences/MOCAP_rotated/Ses05F_impro05/Ses05F_impro05_M041.txt,neu,"[3.0000, 3.0000, 3.5000]"
Session5/sentences/MOCAP_head/Ses05F_impro05/Ses05F_impro05_M042.txt,Session5/sentences/wav/Ses05F_impro05/Ses05F_impro05_M042.wav,Session5/sentences/MOCAP_rotated/Ses05F_impro05/Ses05F_impro05_M042.txt,xxx,"[2.5000, 3.0000, 3.5000]"
Session5/sentences/MOCAP_head/Ses05F_impro05/Ses05F_impro05_M043.txt,Session5/sentences/wav/Ses05F_impro05/Ses05F_impro05_M043.wav,Session5/sentences/MOCAP_rotated/Ses05F_impro05/Ses05F_impro05_M043.txt,fru,"[3.0000, 3.0000, 4.0000]"
Session5/sentences/MOCAP_head/Ses05F_impro05/Ses05F_impro05_M044.txt,Session5/sentences/wav/Ses05F_impro05/Ses05F_impro05_M044.wav,Session5/sentences/MOCAP_rotated/Ses05F_impro05/Ses05F_impro05_M044.txt,fru,"[3.0000, 3.0000, 3.0000]"
Session5/sentences/MOCAP_head/Ses05F_impro05/Ses05F_impro05_M045.txt,Session5/sentences/wav/Ses05F_impro05/Ses05F_impro05_M045.wav,Session5/sentences/MOCAP_rotated/Ses05F_impro05/Ses05F_impro05_M045.txt,fru,"[2.5000, 2.5000, 3.5000]"
Session5/sentences/MOCAP_head/Ses05F_impro05/Ses05F_impro05_M046.txt,Session5/sentences/wav/Ses05F_impro05/Ses05F_impro05_M046.wav,Session5/sentences/MOCAP_rotated/Ses05F_impro05/Ses05F_impro05_M046.txt,fru,"[3.0000, 3.0000, 3.5000]"
Session5/sentences/MOCAP_head/Ses05F_impro05/Ses05F_impro05_M047.txt,Session5/sentences/wav/Ses05F_impro05/Ses05F_impro05_M047.wav,Session5/sentences/MOCAP_rotated/Ses05F_impro05/Ses05F_impro05_M047.txt,fru,"[2.5000, 3.0000, 3.5000]"
Session5/sentences/MOCAP_head/Ses05F_impro05/Ses05F_impro05_M048.txt,Session5/sentences/wav/Ses05F_impro05/Ses05F_impro05_M048.wav,Session5/sentences/MOCAP_rotated/Ses05F_impro05/Ses05F_impro05_M048.txt,neu,"[3.0000, 3.0000, 2.5000]"
Session5/sentences/MOCAP_head/Ses05F_impro05/Ses05F_impro05_M049.txt,Session5/sentences/wav/Ses05F_impro05/Ses05F_impro05_M049.wav,Session5/sentences/MOCAP_rotated/Ses05F_impro05/Ses05F_impro05_M049.txt,fru,"[2.5000, 3.5000, 4.5000]"
Session5/sentences/MOCAP_head/Ses05F_impro05/Ses05F_impro05_M050.txt,Session5/sentences/wav/Ses05F_impro05/Ses05F_impro05_M050.wav,Session5/sentences/MOCAP_rotated/Ses05F_impro05/Ses05F_impro05_M050.txt,neu,"[2.5000, 3.5000, 4.0000]"
Session5/sentences/MOCAP_head/Ses05F_impro05/Ses05F_impro05_M051.txt,Session5/sentences/wav/Ses05F_impro05/Ses05F_impro05_M051.wav,Session5/sentences/MOCAP_rotated/Ses05F_impro05/Ses05F_impro05_M051.txt,neu,"[3.0000, 2.5000, 2.5000]"
Session5/sentences/MOCAP_head/Ses05F_impro05/Ses05F_impro05_M052.txt,Session5/sentences/wav/Ses05F_impro05/Ses05F_impro05_M052.wav,Session5/sentences/MOCAP_rotated/Ses05F_impro05/Ses05F_impro05_M052.txt,neu,"[3.5000, 3.0000, 3.5000]"
Session5/sentences/MOCAP_head/Ses05F_impro05/Ses05F_impro05_M053.txt,Session5/sentences/wav/Ses05F_impro05/Ses05F_impro05_M053.wav,Session5/sentences/MOCAP_rotated/Ses05F_impro05/Ses05F_impro05_M053.txt,neu,"[4.0000, 2.5000, 3.0000]"
Session5/sentences/MOCAP_head/Ses05F_impro06/Ses05F_impro06_M000.txt,Session5/sentences/wav/Ses05F_impro06/Ses05F_impro06_M000.wav,Session5/sentences/MOCAP_rotated/Ses05F_impro06/Ses05F_impro06_M000.txt,xxx,"[2.5000, 3.0000, 2.5000]"
Session5/sentences/MOCAP_head/Ses05F_impro06/Ses05F_impro06_M001.txt,Session5/sentences/wav/Ses05F_impro06/Ses05F_impro06_M001.wav,Session5/sentences/MOCAP_rotated/Ses05F_impro06/Ses05F_impro06_M001.txt,sad,"[1.5000, 3.0000, 3.0000]"
Session5/sentences/MOCAP_head/Ses05F_impro06/Ses05F_impro06_M002.txt,Session5/sentences/wav/Ses05F_impro06/Ses05F_impro06_M002.wav,Session5/sentences/MOCAP_rotated/Ses05F_impro06/Ses05F_impro06_M002.txt,sad,"[2.0000, 2.0000, 3.5000]"
Session5/sentences/MOCAP_head/Ses05F_impro06/Ses05F_impro06_M003.txt,Session5/sentences/wav/Ses05F_impro06/Ses05F_impro06_M003.wav,Session5/sentences/MOCAP_rotated/Ses05F_impro06/Ses05F_impro06_M003.txt,sad,"[2.0000, 2.5000, 2.5000]"
Session5/sentences/MOCAP_head/Ses05F_impro06/Ses05F_impro06_M004.txt,Session5/sentences/wav/Ses05F_impro06/Ses05F_impro06_M004.wav,Session5/sentences/MOCAP_rotated/Ses05F_impro06/Ses05F_impro06_M004.txt,sad,"[2.0000, 2.5000, 3.0000]"
Session5/sentences/MOCAP_head/Ses05F_impro06/Ses05F_impro06_M005.txt,Session5/sentences/wav/Ses05F_impro06/Ses05F_impro06_M005.wav,Session5/sentences/MOCAP_rotated/Ses05F_impro06/Ses05F_impro06_M005.txt,sad,"[2.0000, 3.0000, 3.5000]"
Session5/sentences/MOCAP_head/Ses05F_impro06/Ses05F_impro06_M006.txt,Session5/sentences/wav/Ses05F_impro06/Ses05F_impro06_M006.wav,Session5/sentences/MOCAP_rotated/Ses05F_impro06/Ses05F_impro06_M006.txt,sad,"[2.5000, 2.0000, 2.5000]"
Session5/sentences/MOCAP_head/Ses05F_impro06/Ses05F_impro06_M007.txt,Session5/sentences/wav/Ses05F_impro06/Ses05F_impro06_M007.wav,Session5/sentences/MOCAP_rotated/Ses05F_impro06/Ses05F_impro06_M007.txt,sad,"[2.5000, 2.5000, 3.5000]"
Session5/sentences/MOCAP_head/Ses05F_impro06/Ses05F_impro06_M008.txt,Session5/sentences/wav/Ses05F_impro06/Ses05F_impro06_M008.wav,Session5/sentences/MOCAP_rotated/Ses05F_impro06/Ses05F_impro06_M008.txt,sad,"[2.5000, 3.0000, 3.0000]"
Session5/sentences/MOCAP_head/Ses05F_impro06/Ses05F_impro06_M009.txt,Session5/sentences/wav/Ses05F_impro06/Ses05F_impro06_M009.wav,Session5/sentences/MOCAP_rotated/Ses05F_impro06/Ses05F_impro06_M009.txt,sad,"[3.0000, 2.5000, 2.5000]"
Session5/sentences/MOCAP_head/Ses05F_impro06/Ses05F_impro06_M010.txt,Session5/sentences/wav/Ses05F_impro06/Ses05F_impro06_M010.wav,Session5/sentences/MOCAP_rotated/Ses05F_impro06/Ses05F_impro06_M010.txt,neu,"[3.0000, 2.5000, 3.0000]"
Session5/sentences/MOCAP_head/Ses05F_impro06/Ses05F_impro06_M011.txt,Session5/sentences/wav/Ses05F_impro06/Ses05F_impro06_M011.wav,Session5/sentences/MOCAP_rotated/Ses05F_impro06/Ses05F_impro06_M011.txt,sad,"[2.5000, 2.0000, 3.5000]"
Session5/sentences/MOCAP_head/Ses05F_impro06/Ses05F_impro06_M012.txt,Session5/sentences/wav/Ses05F_impro06/Ses05F_impro06_M012.wav,Session5/sentences/MOCAP_rotated/Ses05F_impro06/Ses05F_impro06_M012.txt,neu,"[2.5000, 2.5000, 3.0000]"
Session5/sentences/MOCAP_head/Ses05F_impro06/Ses05F_impro06_M013.txt,Session5/sentences/wav/Ses05F_impro06/Ses05F_impro06_M013.wav,Session5/sentences/MOCAP_rotated/Ses05F_impro06/Ses05F_impro06_M013.txt,neu,"[2.5000, 2.0000, 2.5000]"
Session5/sentences/MOCAP_head/Ses05F_impro06/Ses05F_impro06_M014.txt,Session5/sentences/wav/Ses05F_impro06/Ses05F_impro06_M014.wav,Session5/sentences/MOCAP_rotated/Ses05F_impro06/Ses05F_impro06_M014.txt,sad,"[2.0000, 2.5000, 3.5000]"
Session5/sentences/MOCAP_head/Ses05F_impro06/Ses05F_impro06_M015.txt,Session5/sentences/wav/Ses05F_impro06/Ses05F_impro06_M015.wav,Session5/sentences/MOCAP_rotated/Ses05F_impro06/Ses05F_impro06_M015.txt,xxx,"[2.5000, 2.5000, 3.5000]"
Session5/sentences/MOCAP_head/Ses05F_impro06/Ses05F_impro06_M016.txt,Session5/sentences/wav/Ses05F_impro06/Ses05F_impro06_M016.wav,Session5/sentences/MOCAP_rotated/Ses05F_impro06/Ses05F_impro06_M016.txt,xxx,"[3.0000, 2.0000, 3.0000]"
Session5/sentences/MOCAP_head/Ses05F_impro06/Ses05F_impro06_M017.txt,Session5/sentences/wav/Ses05F_impro06/Ses05F_impro06_M017.wav,Session5/sentences/MOCAP_rotated/Ses05F_impro06/Ses05F_impro06_M017.txt,neu,"[2.5000, 2.0000, 2.5000]"
Session5/sentences/MOCAP_head/Ses05F_impro06/Ses05F_impro06_M018.txt,Session5/sentences/wav/Ses05F_impro06/Ses05F_impro06_M018.wav,Session5/sentences/MOCAP_rotated/Ses05F_impro06/Ses05F_impro06_M018.txt,neu,"[3.0000, 3.0000, 3.0000]"
Session5/sentences/MOCAP_head/Ses05F_impro06/Ses05F_impro06_M019.txt,Session5/sentences/wav/Ses05F_impro06/Ses05F_impro06_M019.wav,Session5/sentences/MOCAP_rotated/Ses05F_impro06/Ses05F_impro06_M019.txt,neu,"[3.0000, 2.0000, 2.5000]"
Session5/sentences/MOCAP_head/Ses05F_impro06/Ses05F_impro06_M020.txt,Session5/sentences/wav/Ses05F_impro06/Ses05F_impro06_M020.wav,Session5/sentences/MOCAP_rotated/Ses05F_impro06/Ses05F_impro06_M020.txt,sad,"[2.0000, 3.0000, 3.0000]"
Session5/sentences/MOCAP_head/Ses05F_impro06/Ses05F_impro06_M021.txt,Session5/sentences/wav/Ses05F_impro06/Ses05F_impro06_M021.wav,Session5/sentences/MOCAP_rotated/Ses05F_impro06/Ses05F_impro06_M021.txt,neu,"[3.0000, 2.0000, 2.5000]"
Session5/sentences/MOCAP_head/Ses05F_impro06/Ses05F_impro06_M022.txt,Session5/sentences/wav/Ses05F_impro06/Ses05F_impro06_M022.wav,Session5/sentences/MOCAP_rotated/Ses05F_impro06/Ses05F_impro06_M022.txt,neu,"[2.5000, 3.5000, 4.0000]"
Session5/sentences/MOCAP_head/Ses05F_impro06/Ses05F_impro06_M023.txt,Session5/sentences/wav/Ses05F_impro06/Ses05F_impro06_M023.wav,Session5/sentences/MOCAP_rotated/Ses05F_impro06/Ses05F_impro06_M023.txt,neu,"[3.0000, 2.0000, 2.5000]"
Session5/sentences/MOCAP_head/Ses05F_impro06/Ses05F_impro06_M024.txt,Session5/sentences/wav/Ses05F_impro06/Ses05F_impro06_M024.wav,Session5/sentences/MOCAP_rotated/Ses05F_impro06/Ses05F_impro06_M024.txt,neu,"[2.5000, 2.0000, 2.5000]"
Session5/sentences/MOCAP_head/Ses05F_impro06/Ses05F_impro06_M025.txt,Session5/sentences/wav/Ses05F_impro06/Ses05F_impro06_M025.wav,Session5/sentences/MOCAP_rotated/Ses05F_impro06/Ses05F_impro06_M025.txt,neu,"[4.0000, 3.0000, 4.0000]"
Session5/sentences/MOCAP_head/Ses05F_impro07/Ses05F_impro07_M000.txt,Session5/sentences/wav/Ses05F_impro07/Ses05F_impro07_M000.wav,Session5/sentences/MOCAP_rotated/Ses05F_impro07/Ses05F_impro07_M000.txt,exc,"[4.0000, 3.0000, 3.5000]"
Session5/sentences/MOCAP_head/Ses05F_impro07/Ses05F_impro07_M001.txt,Session5/sentences/wav/Ses05F_impro07/Ses05F_impro07_M001.wav,Session5/sentences/MOCAP_rotated/Ses05F_impro07/Ses05F_impro07_M001.txt,exc,"[4.0000, 3.5000, 3.5000]"
Session5/sentences/MOCAP_head/Ses05F_impro07/Ses05F_impro07_M002.txt,Session5/sentences/wav/Ses05F_impro07/Ses05F_impro07_M002.wav,Session5/sentences/MOCAP_rotated/Ses05F_impro07/Ses05F_impro07_M002.txt,exc,"[4.5000, 4.5000, 4.0000]"
Session5/sentences/MOCAP_head/Ses05F_impro07/Ses05F_impro07_M003.txt,Session5/sentences/wav/Ses05F_impro07/Ses05F_impro07_M003.wav,Session5/sentences/MOCAP_rotated/Ses05F_impro07/Ses05F_impro07_M003.txt,exc,"[4.5000, 3.5000, 4.0000]"
Session5/sentences/MOCAP_head/Ses05F_impro07/Ses05F_impro07_M004.txt,Session5/sentences/wav/Ses05F_impro07/Ses05F_impro07_M004.wav,Session5/sentences/MOCAP_rotated/Ses05F_impro07/Ses05F_impro07_M004.txt,exc,"[4.5000, 3.5000, 4.0000]"
Session5/sentences/MOCAP_head/Ses05F_impro07/Ses05F_impro07_M005.txt,Session5/sentences/wav/Ses05F_impro07/Ses05F_impro07_M005.wav,Session5/sentences/MOCAP_rotated/Ses05F_impro07/Ses05F_impro07_M005.txt,exc,"[3.5000, 3.0000, 3.5000]"
Session5/sentences/MOCAP_head/Ses05F_impro07/Ses05F_impro07_M006.txt,Session5/sentences/wav/Ses05F_impro07/Ses05F_impro07_M006.wav,Session5/sentences/MOCAP_rotated/Ses05F_impro07/Ses05F_impro07_M006.txt,exc,"[4.0000, 3.5000, 3.5000]"
Session5/sentences/MOCAP_head/Ses05F_impro07/Ses05F_impro07_M007.txt,Session5/sentences/wav/Ses05F_impro07/Ses05F_impro07_M007.wav,Session5/sentences/MOCAP_rotated/Ses05F_impro07/Ses05F_impro07_M007.txt,hap,"[3.5000, 3.5000, 4.5000]"
Session5/sentences/MOCAP_head/Ses05F_impro07/Ses05F_impro07_M008.txt,Session5/sentences/wav/Ses05F_impro07/Ses05F_impro07_M008.wav,Session5/sentences/MOCAP_rotated/Ses05F_impro07/Ses05F_impro07_M008.txt,exc,"[4.5000, 4.0000, 4.0000]"
Session5/sentences/MOCAP_head/Ses05F_impro07/Ses05F_impro07_M009.txt,Session5/sentences/wav/Ses05F_impro07/Ses05F_impro07_M009.wav,Session5/sentences/MOCAP_rotated/Ses05F_impro07/Ses05F_impro07_M009.txt,exc,"[3.5000, 3.0000, 3.0000]"
Session5/sentences/MOCAP_head/Ses05F_impro07/Ses05F_impro07_M010.txt,Session5/sentences/wav/Ses05F_impro07/Ses05F_impro07_M010.wav,Session5/sentences/MOCAP_rotated/Ses05F_impro07/Ses05F_impro07_M010.txt,xxx,"[4.0000, 2.5000, 3.0000]"
Session5/sentences/MOCAP_head/Ses05F_impro07/Ses05F_impro07_M011.txt,Session5/sentences/wav/Ses05F_impro07/Ses05F_impro07_M011.wav,Session5/sentences/MOCAP_rotated/Ses05F_impro07/Ses05F_impro07_M011.txt,exc,"[4.0000, 3.0000, 3.5000]"
Session5/sentences/MOCAP_head/Ses05F_impro07/Ses05F_impro07_M012.txt,Session5/sentences/wav/Ses05F_impro07/Ses05F_impro07_M012.wav,Session5/sentences/MOCAP_rotated/Ses05F_impro07/Ses05F_impro07_M012.txt,exc,"[4.5000, 3.0000, 4.0000]"
Session5/sentences/MOCAP_head/Ses05F_impro07/Ses05F_impro07_M013.txt,Session5/sentences/wav/Ses05F_impro07/Ses05F_impro07_M013.wav,Session5/sentences/MOCAP_rotated/Ses05F_impro07/Ses05F_impro07_M013.txt,exc,"[4.5000, 4.0000, 4.0000]"
Session5/sentences/MOCAP_head/Ses05F_impro07/Ses05F_impro07_M014.txt,Session5/sentences/wav/Ses05F_impro07/Ses05F_impro07_M014.wav,Session5/sentences/MOCAP_rotated/Ses05F_impro07/Ses05F_impro07_M014.txt,exc,"[4.5000, 3.0000, 4.0000]"
Session5/sentences/MOCAP_head/Ses05F_impro07/Ses05F_impro07_M015.txt,Session5/sentences/wav/Ses05F_impro07/Ses05F_impro07_M015.wav,Session5/sentences/MOCAP_rotated/Ses05F_impro07/Ses05F_impro07_M015.txt,exc,"[4.5000, 3.5000, 4.5000]"
Session5/sentences/MOCAP_head/Ses05F_impro07/Ses05F_impro07_M016.txt,Session5/sentences/wav/Ses05F_impro07/Ses05F_impro07_M016.wav,Session5/sentences/MOCAP_rotated/Ses05F_impro07/Ses05F_impro07_M016.txt,exc,"[4.5000, 4.5000, 4.5000]"
Session5/sentences/MOCAP_head/Ses05F_impro07/Ses05F_impro07_M017.txt,Session5/sentences/wav/Ses05F_impro07/Ses05F_impro07_M017.wav,Session5/sentences/MOCAP_rotated/Ses05F_impro07/Ses05F_impro07_M017.txt,exc,"[4.0000, 3.5000, 4.0000]"
Session5/sentences/MOCAP_head/Ses05F_impro07/Ses05F_impro07_M018.txt,Session5/sentences/wav/Ses05F_impro07/Ses05F_impro07_M018.wav,Session5/sentences/MOCAP_rotated/Ses05F_impro07/Ses05F_impro07_M018.txt,exc,"[3.5000, 3.0000, 4.0000]"
Session5/sentences/MOCAP_head/Ses05F_impro07/Ses05F_impro07_M019.txt,Session5/sentences/wav/Ses05F_impro07/Ses05F_impro07_M019.wav,Session5/sentences/MOCAP_rotated/Ses05F_impro07/Ses05F_impro07_M019.txt,exc,"[2.5000, 2.5000, 3.0000]"
Session5/sentences/MOCAP_head/Ses05F_impro07/Ses05F_impro07_M020.txt,Session5/sentences/wav/Ses05F_impro07/Ses05F_impro07_M020.wav,Session5/sentences/MOCAP_rotated/Ses05F_impro07/Ses05F_impro07_M020.txt,exc,"[3.0000, 3.5000, 3.5000]"
Session5/sentences/MOCAP_head/Ses05F_impro07/Ses05F_impro07_M021.txt,Session5/sentences/wav/Ses05F_impro07/Ses05F_impro07_M021.wav,Session5/sentences/MOCAP_rotated/Ses05F_impro07/Ses05F_impro07_M021.txt,exc,"[3.0000, 3.0000, 4.0000]"
Session5/sentences/MOCAP_head/Ses05F_impro07/Ses05F_impro07_M022.txt,Session5/sentences/wav/Ses05F_impro07/Ses05F_impro07_M022.wav,Session5/sentences/MOCAP_rotated/Ses05F_impro07/Ses05F_impro07_M022.txt,xxx,"[3.5000, 4.0000, 3.5000]"
Session5/sentences/MOCAP_head/Ses05F_impro07/Ses05F_impro07_M023.txt,Session5/sentences/wav/Ses05F_impro07/Ses05F_impro07_M023.wav,Session5/sentences/MOCAP_rotated/Ses05F_impro07/Ses05F_impro07_M023.txt,xxx,"[4.0000, 3.5000, 4.0000]"
Session5/sentences/MOCAP_head/Ses05F_impro07/Ses05F_impro07_M024.txt,Session5/sentences/wav/Ses05F_impro07/Ses05F_impro07_M024.wav,Session5/sentences/MOCAP_rotated/Ses05F_impro07/Ses05F_impro07_M024.txt,exc,"[4.5000, 3.5000, 4.5000]"
Session5/sentences/MOCAP_head/Ses05F_impro07/Ses05F_impro07_M025.txt,Session5/sentences/wav/Ses05F_impro07/Ses05F_impro07_M025.wav,Session5/sentences/MOCAP_rotated/Ses05F_impro07/Ses05F_impro07_M025.txt,exc,"[4.0000, 4.0000, 4.0000]"
Session5/sentences/MOCAP_head/Ses05F_impro07/Ses05F_impro07_M026.txt,Session5/sentences/wav/Ses05F_impro07/Ses05F_impro07_M026.wav,Session5/sentences/MOCAP_rotated/Ses05F_impro07/Ses05F_impro07_M026.txt,exc,"[4.0000, 3.5000, 3.5000]"
Session5/sentences/MOCAP_head/Ses05F_impro07/Ses05F_impro07_M027.txt,Session5/sentences/wav/Ses05F_impro07/Ses05F_impro07_M027.wav,Session5/sentences/MOCAP_rotated/Ses05F_impro07/Ses05F_impro07_M027.txt,exc,"[4.0000, 3.5000, 4.0000]"
Session5/sentences/MOCAP_head/Ses05F_impro07/Ses05F_impro07_M028.txt,Session5/sentences/wav/Ses05F_impro07/Ses05F_impro07_M028.wav,Session5/sentences/MOCAP_rotated/Ses05F_impro07/Ses05F_impro07_M028.txt,xxx,"[3.5000, 3.5000, 4.0000]"
Session5/sentences/MOCAP_head/Ses05F_impro07/Ses05F_impro07_M029.txt,Session5/sentences/wav/Ses05F_impro07/Ses05F_impro07_M029.wav,Session5/sentences/MOCAP_rotated/Ses05F_impro07/Ses05F_impro07_M029.txt,exc,"[4.0000, 3.5000, 4.0000]"
Session5/sentences/MOCAP_head/Ses05F_impro07/Ses05F_impro07_M030.txt,Session5/sentences/wav/Ses05F_impro07/Ses05F_impro07_M030.wav,Session5/sentences/MOCAP_rotated/Ses05F_impro07/Ses05F_impro07_M030.txt,exc,"[4.0000, 3.5000, 4.5000]"
Session5/sentences/MOCAP_head/Ses05F_impro07/Ses05F_impro07_M031.txt,Session5/sentences/wav/Ses05F_impro07/Ses05F_impro07_M031.wav,Session5/sentences/MOCAP_rotated/Ses05F_impro07/Ses05F_impro07_M031.txt,exc,"[4.0000, 3.5000, 3.5000]"
Session5/sentences/MOCAP_head/Ses05F_impro07/Ses05F_impro07_M032.txt,Session5/sentences/wav/Ses05F_impro07/Ses05F_impro07_M032.wav,Session5/sentences/MOCAP_rotated/Ses05F_impro07/Ses05F_impro07_M032.txt,exc,"[4.5000, 4.0000, 4.0000]"
Session5/sentences/MOCAP_head/Ses05F_impro07/Ses05F_impro07_M033.txt,Session5/sentences/wav/Ses05F_impro07/Ses05F_impro07_M033.wav,Session5/sentences/MOCAP_rotated/Ses05F_impro07/Ses05F_impro07_M033.txt,exc,"[4.0000, 3.5000, 3.5000]"
Session5/sentences/MOCAP_head/Ses05F_impro07/Ses05F_impro07_M034.txt,Session5/sentences/wav/Ses05F_impro07/Ses05F_impro07_M034.wav,Session5/sentences/MOCAP_rotated/Ses05F_impro07/Ses05F_impro07_M034.txt,exc,"[4.0000, 3.0000, 3.0000]"
Session5/sentences/MOCAP_head/Ses05F_impro07/Ses05F_impro07_M035.txt,Session5/sentences/wav/Ses05F_impro07/Ses05F_impro07_M035.wav,Session5/sentences/MOCAP_rotated/Ses05F_impro07/Ses05F_impro07_M035.txt,exc,"[3.5000, 3.0000, 3.5000]"
Session5/sentences/MOCAP_head/Ses05F_impro07/Ses05F_impro07_M036.txt,Session5/sentences/wav/Ses05F_impro07/Ses05F_impro07_M036.wav,Session5/sentences/MOCAP_rotated/Ses05F_impro07/Ses05F_impro07_M036.txt,exc,"[4.0000, 3.5000, 3.5000]"
Session5/sentences/MOCAP_head/Ses05F_impro08/Ses05F_impro08_M000.txt,Session5/sentences/wav/Ses05F_impro08/Ses05F_impro08_M000.wav,Session5/sentences/MOCAP_rotated/Ses05F_impro08/Ses05F_impro08_M000.txt,fru,"[3.0000, 4.5000, 3.0000]"
Session5/sentences/MOCAP_head/Ses05F_impro08/Ses05F_impro08_M001.txt,Session5/sentences/wav/Ses05F_impro08/Ses05F_impro08_M001.wav,Session5/sentences/MOCAP_rotated/Ses05F_impro08/Ses05F_impro08_M001.txt,fru,"[2.5000, 4.5000, 2.5000]"
Session5/sentences/MOCAP_head/Ses05F_impro08/Ses05F_impro08_M002.txt,Session5/sentences/wav/Ses05F_impro08/Ses05F_impro08_M002.wav,Session5/sentences/MOCAP_rotated/Ses05F_impro08/Ses05F_impro08_M002.txt,fru,"[2.5000, 4.0000, 3.5000]"
Session5/sentences/MOCAP_head/Ses05F_impro08/Ses05F_impro08_M003.txt,Session5/sentences/wav/Ses05F_impro08/Ses05F_impro08_M003.wav,Session5/sentences/MOCAP_rotated/Ses05F_impro08/Ses05F_impro08_M003.txt,xxx,"[3.0000, 3.5000, 3.0000]"
Session5/sentences/MOCAP_head/Ses05F_impro08/Ses05F_impro08_M004.txt,Session5/sentences/wav/Ses05F_impro08/Ses05F_impro08_M004.wav,Session5/sentences/MOCAP_rotated/Ses05F_impro08/Ses05F_impro08_M004.txt,ang,"[2.0000, 4.0000, 3.5000]"
Session5/sentences/MOCAP_head/Ses05F_impro08/Ses05F_impro08_M005.txt,Session5/sentences/wav/Ses05F_impro08/Ses05F_impro08_M005.wav,Session5/sentences/MOCAP_rotated/Ses05F_impro08/Ses05F_impro08_M005.txt,ang,"[2.0000, 4.5000, 3.5000]"
Session5/sentences/MOCAP_head/Ses05F_impro08/Ses05F_impro08_M006.txt,Session5/sentences/wav/Ses05F_impro08/Ses05F_impro08_M006.wav,Session5/sentences/MOCAP_rotated/Ses05F_impro08/Ses05F_impro08_M006.txt,fru,"[2.5000, 3.0000, 2.5000]"
Session5/sentences/MOCAP_head/Ses05F_impro08/Ses05F_impro08_M007.txt,Session5/sentences/wav/Ses05F_impro08/Ses05F_impro08_M007.wav,Session5/sentences/MOCAP_rotated/Ses05F_impro08/Ses05F_impro08_M007.txt,ang,"[2.5000, 3.5000, 2.5000]"
Session5/sentences/MOCAP_head/Ses05F_impro08/Ses05F_impro08_M008.txt,Session5/sentences/wav/Ses05F_impro08/Ses05F_impro08_M008.wav,Session5/sentences/MOCAP_rotated/Ses05F_impro08/Ses05F_impro08_M008.txt,fru,"[2.5000, 3.5000, 2.0000]"
Session5/sentences/MOCAP_head/Ses05F_impro08/Ses05F_impro08_M009.txt,Session5/sentences/wav/Ses05F_impro08/Ses05F_impro08_M009.wav,Session5/sentences/MOCAP_rotated/Ses05F_impro08/Ses05F_impro08_M009.txt,fru,"[2.5000, 2.5000, 2.0000]"
Session5/sentences/MOCAP_head/Ses05F_impro08/Ses05F_impro08_M010.txt,Session5/sentences/wav/Ses05F_impro08/Ses05F_impro08_M010.wav,Session5/sentences/MOCAP_rotated/Ses05F_impro08/Ses05F_impro08_M010.txt,fru,"[2.5000, 3.5000, 2.0000]"
Session5/sentences/MOCAP_head/Ses05F_impro08/Ses05F_impro08_M011.txt,Session5/sentences/wav/Ses05F_impro08/Ses05F_impro08_M011.wav,Session5/sentences/MOCAP_rotated/Ses05F_impro08/Ses05F_impro08_M011.txt,fru,"[2.5000, 3.5000, 2.5000]"
Session5/sentences/MOCAP_head/Ses05F_impro08/Ses05F_impro08_M012.txt,Session5/sentences/wav/Ses05F_impro08/Ses05F_impro08_M012.wav,Session5/sentences/MOCAP_rotated/Ses05F_impro08/Ses05F_impro08_M012.txt,fru,"[2.5000, 2.5000, 2.5000]"
Session5/sentences/MOCAP_head/Ses05F_impro08/Ses05F_impro08_M013.txt,Session5/sentences/wav/Ses05F_impro08/Ses05F_impro08_M013.wav,Session5/sentences/MOCAP_rotated/Ses05F_impro08/Ses05F_impro08_M013.txt,neu,"[2.5000, 2.5000, 2.5000]"
Session5/sentences/MOCAP_head/Ses05F_impro08/Ses05F_impro08_M014.txt,Session5/sentences/wav/Ses05F_impro08/Ses05F_impro08_M014.wav,Session5/sentences/MOCAP_rotated/Ses05F_impro08/Ses05F_impro08_M014.txt,fru,"[2.5000, 3.0000, 2.0000]"
Session5/sentences/MOCAP_head/Ses05F_impro08/Ses05F_impro08_M015.txt,Session5/sentences/wav/Ses05F_impro08/Ses05F_impro08_M015.wav,Session5/sentences/MOCAP_rotated/Ses05F_impro08/Ses05F_impro08_M015.txt,xxx,"[3.0000, 2.5000, 2.5000]"
Session5/sentences/MOCAP_head/Ses05F_impro08/Ses05F_impro08_M016.txt,Session5/sentences/wav/Ses05F_impro08/Ses05F_impro08_M016.wav,Session5/sentences/MOCAP_rotated/Ses05F_impro08/Ses05F_impro08_M016.txt,neu,"[3.5000, 3.0000, 2.5000]"
Session5/sentences/MOCAP_head/Ses05F_impro08/Ses05F_impro08_M017.txt,Session5/sentences/wav/Ses05F_impro08/Ses05F_impro08_M017.wav,Session5/sentences/MOCAP_rotated/Ses05F_impro08/Ses05F_impro08_M017.txt,xxx,"[3.0000, 3.0000, 2.5000]"
Session5/sentences/MOCAP_head/Ses05F_impro08/Ses05F_impro08_M018.txt,Session5/sentences/wav/Ses05F_impro08/Ses05F_impro08_M018.wav,Session5/sentences/MOCAP_rotated/Ses05F_impro08/Ses05F_impro08_M018.txt,neu,"[3.0000, 2.5000, 2.0000]"
Session5/sentences/MOCAP_head/Ses05F_impro08/Ses05F_impro08_M019.txt,Session5/sentences/wav/Ses05F_impro08/Ses05F_impro08_M019.wav,Session5/sentences/MOCAP_rotated/Ses05F_impro08/Ses05F_impro08_M019.txt,neu,"[2.5000, 2.5000, 2.0000]"
Session5/sentences/MOCAP_head/Ses05F_impro08/Ses05F_impro08_M020.txt,Session5/sentences/wav/Ses05F_impro08/Ses05F_impro08_M020.wav,Session5/sentences/MOCAP_rotated/Ses05F_impro08/Ses05F_impro08_M020.txt,neu,"[3.0000, 2.0000, 1.5000]"
Session5/sentences/MOCAP_head/Ses05F_impro08/Ses05F_impro08_M021.txt,Session5/sentences/wav/Ses05F_impro08/Ses05F_impro08_M021.wav,Session5/sentences/MOCAP_rotated/Ses05F_impro08/Ses05F_impro08_M021.txt,fru,"[2.5000, 2.5000, 3.0000]"
Session5/sentences/MOCAP_head/Ses05F_impro08/Ses05F_impro08_M022.txt,Session5/sentences/wav/Ses05F_impro08/Ses05F_impro08_M022.wav,Session5/sentences/MOCAP_rotated/Ses05F_impro08/Ses05F_impro08_M022.txt,neu,"[3.0000, 3.0000, 1.5000]"
Session5/sentences/MOCAP_head/Ses05F_impro08/Ses05F_impro08_M023.txt,Session5/sentences/wav/Ses05F_impro08/Ses05F_impro08_M023.wav,Session5/sentences/MOCAP_rotated/Ses05F_impro08/Ses05F_impro08_M023.txt,fru,"[2.0000, 3.5000, 2.0000]"
Session5/sentences/MOCAP_head/Ses05F_impro08/Ses05F_impro08_M024.txt,Session5/sentences/wav/Ses05F_impro08/Ses05F_impro08_M024.wav,Session5/sentences/MOCAP_rotated/Ses05F_impro08/Ses05F_impro08_M024.txt,sur,"[3.0000, 3.5000, 2.0000]"
Session5/sentences/MOCAP_head/Ses05F_impro08/Ses05F_impro08_M025.txt,Session5/sentences/wav/Ses05F_impro08/Ses05F_impro08_M025.wav,Session5/sentences/MOCAP_rotated/Ses05F_impro08/Ses05F_impro08_M025.txt,hap,"[4.0000, 3.5000, 2.5000]"
Session5/sentences/MOCAP_head/Ses05F_impro08/Ses05F_impro08_M026.txt,Session5/sentences/wav/Ses05F_impro08/Ses05F_impro08_M026.wav,Session5/sentences/MOCAP_rotated/Ses05F_impro08/Ses05F_impro08_M026.txt,hap,"[3.5000, 3.0000, 2.0000]"
Session5/sentences/MOCAP_head/Ses05F_impro08/Ses05F_impro08_M027.txt,Session5/sentences/wav/Ses05F_impro08/Ses05F_impro08_M027.wav,Session5/sentences/MOCAP_rotated/Ses05F_impro08/Ses05F_impro08_M027.txt,neu,"[3.0000, 2.5000, 2.0000]"
Session5/sentences/MOCAP_head/Ses05F_impro08/Ses05F_impro08_M028.txt,Session5/sentences/wav/Ses05F_impro08/Ses05F_impro08_M028.wav,Session5/sentences/MOCAP_rotated/Ses05F_impro08/Ses05F_impro08_M028.txt,hap,"[4.0000, 3.0000, 2.5000]"
Session5/sentences/MOCAP_head/Ses05F_impro08/Ses05F_impro08_M029.txt,Session5/sentences/wav/Ses05F_impro08/Ses05F_impro08_M029.wav,Session5/sentences/MOCAP_rotated/Ses05F_impro08/Ses05F_impro08_M029.txt,xxx,"[4.0000, 2.5000, 2.5000]"
Session5/sentences/MOCAP_head/Ses05F_impro08/Ses05F_impro08_M030.txt,Session5/sentences/wav/Ses05F_impro08/Ses05F_impro08_M030.wav,Session5/sentences/MOCAP_rotated/Ses05F_impro08/Ses05F_impro08_M030.txt,hap,"[3.5000, 3.0000, 2.5000]"
Session5/sentences/MOCAP_head/Ses05F_impro08/Ses05F_impro08_M031.txt,Session5/sentences/wav/Ses05F_impro08/Ses05F_impro08_M031.wav,Session5/sentences/MOCAP_rotated/Ses05F_impro08/Ses05F_impro08_M031.txt,hap,"[4.0000, 2.0000, 2.0000]"
Session5/sentences/MOCAP_head/Ses05F_impro08/Ses05F_impro08_M032.txt,Session5/sentences/wav/Ses05F_impro08/Ses05F_impro08_M032.wav,Session5/sentences/MOCAP_rotated/Ses05F_impro08/Ses05F_impro08_M032.txt,xxx,"[4.0000, 2.0000, 2.0000]"
Session5/sentences/MOCAP_head/Ses05F_script01_1/Ses05F_script01_1_M000.txt,Session5/sentences/wav/Ses05F_script01_1/Ses05F_script01_1_M000.wav,Session5/sentences/MOCAP_rotated/Ses05F_script01_1/Ses05F_script01_1_M000.txt,sad,"[2.5000, 2.5000, 3.0000]"
Session5/sentences/MOCAP_head/Ses05F_script01_1/Ses05F_script01_1_M001.txt,Session5/sentences/wav/Ses05F_script01_1/Ses05F_script01_1_M001.wav,Session5/sentences/MOCAP_rotated/Ses05F_script01_1/Ses05F_script01_1_M001.txt,sad,"[2.0000, 2.5000, 2.5000]"
Session5/sentences/MOCAP_head/Ses05F_script01_1/Ses05F_script01_1_M002.txt,Session5/sentences/wav/Ses05F_script01_1/Ses05F_script01_1_M002.wav,Session5/sentences/MOCAP_rotated/Ses05F_script01_1/Ses05F_script01_1_M002.txt,sad,"[2.0000, 3.0000, 3.0000]"
Session5/sentences/MOCAP_head/Ses05F_script01_1/Ses05F_script01_1_M003.txt,Session5/sentences/wav/Ses05F_script01_1/Ses05F_script01_1_M003.wav,Session5/sentences/MOCAP_rotated/Ses05F_script01_1/Ses05F_script01_1_M003.txt,sad,"[2.5000, 3.0000, 3.5000]"
Session5/sentences/MOCAP_head/Ses05F_script01_1/Ses05F_script01_1_M004.txt,Session5/sentences/wav/Ses05F_script01_1/Ses05F_script01_1_M004.wav,Session5/sentences/MOCAP_rotated/Ses05F_script01_1/Ses05F_script01_1_M004.txt,sad,"[2.5000, 3.0000, 3.0000]"
Session5/sentences/MOCAP_head/Ses05F_script01_1/Ses05F_script01_1_M005.txt,Session5/sentences/wav/Ses05F_script01_1/Ses05F_script01_1_M005.wav,Session5/sentences/MOCAP_rotated/Ses05F_script01_1/Ses05F_script01_1_M005.txt,sad,"[2.0000, 3.0000, 3.0000]"
Session5/sentences/MOCAP_head/Ses05F_script01_1/Ses05F_script01_1_M006.txt,Session5/sentences/wav/Ses05F_script01_1/Ses05F_script01_1_M006.wav,Session5/sentences/MOCAP_rotated/Ses05F_script01_1/Ses05F_script01_1_M006.txt,sad,"[2.0000, 3.0000, 2.5000]"
Session5/sentences/MOCAP_head/Ses05F_script01_1/Ses05F_script01_1_M007.txt,Session5/sentences/wav/Ses05F_script01_1/Ses05F_script01_1_M007.wav,Session5/sentences/MOCAP_rotated/Ses05F_script01_1/Ses05F_script01_1_M007.txt,sad,"[2.0000, 3.5000, 3.5000]"
Session5/sentences/MOCAP_head/Ses05F_script01_1/Ses05F_script01_1_M008.txt,Session5/sentences/wav/Ses05F_script01_1/Ses05F_script01_1_M008.wav,Session5/sentences/MOCAP_rotated/Ses05F_script01_1/Ses05F_script01_1_M008.txt,sad,"[1.5000, 3.0000, 4.0000]"
Session5/sentences/MOCAP_head/Ses05F_script01_1/Ses05F_script01_1_M009.txt,Session5/sentences/wav/Ses05F_script01_1/Ses05F_script01_1_M009.wav,Session5/sentences/MOCAP_rotated/Ses05F_script01_1/Ses05F_script01_1_M009.txt,sad,"[2.0000, 3.0000, 4.0000]"
Session5/sentences/MOCAP_head/Ses05F_script01_1/Ses05F_script01_1_M010.txt,Session5/sentences/wav/Ses05F_script01_1/Ses05F_script01_1_M010.wav,Session5/sentences/MOCAP_rotated/Ses05F_script01_1/Ses05F_script01_1_M010.txt,fru,"[2.0000, 3.5000, 4.0000]"
Session5/sentences/MOCAP_head/Ses05F_script01_1/Ses05F_script01_1_M011.txt,Session5/sentences/wav/Ses05F_script01_1/Ses05F_script01_1_M011.wav,Session5/sentences/MOCAP_rotated/Ses05F_script01_1/Ses05F_script01_1_M011.txt,fru,"[1.5000, 3.5000, 4.5000]"
Session5/sentences/MOCAP_head/Ses05F_script01_1/Ses05F_script01_1_M012.txt,Session5/sentences/wav/Ses05F_script01_1/Ses05F_script01_1_M012.wav,Session5/sentences/MOCAP_rotated/Ses05F_script01_1/Ses05F_script01_1_M012.txt,fru,"[2.0000, 3.5000, 4.0000]"
Session5/sentences/MOCAP_head/Ses05F_script01_1/Ses05F_script01_1_M013.txt,Session5/sentences/wav/Ses05F_script01_1/Ses05F_script01_1_M013.wav,Session5/sentences/MOCAP_rotated/Ses05F_script01_1/Ses05F_script01_1_M013.txt,ang,"[1.5000, 4.0000, 4.5000]"
Session5/sentences/MOCAP_head/Ses05F_script01_1/Ses05F_script01_1_M014.txt,Session5/sentences/wav/Ses05F_script01_1/Ses05F_script01_1_M014.wav,Session5/sentences/MOCAP_rotated/Ses05F_script01_1/Ses05F_script01_1_M014.txt,fru,"[2.5000, 3.5000, 3.5000]"
Session5/sentences/MOCAP_head/Ses05F_script01_1/Ses05F_script01_1_M015.txt,Session5/sentences/wav/Ses05F_script01_1/Ses05F_script01_1_M015.wav,Session5/sentences/MOCAP_rotated/Ses05F_script01_1/Ses05F_script01_1_M015.txt,fru,"[2.5000, 4.0000, 3.5000]"
Session5/sentences/MOCAP_head/Ses05F_script01_1/Ses05F_script01_1_M016.txt,Session5/sentences/wav/Ses05F_script01_1/Ses05F_script01_1_M016.wav,Session5/sentences/MOCAP_rotated/Ses05F_script01_1/Ses05F_script01_1_M016.txt,sad,"[3.0000, 3.0000, 3.5000]"
Session5/sentences/MOCAP_head/Ses05F_script01_1/Ses05F_script01_1_M017.txt,Session5/sentences/wav/Ses05F_script01_1/Ses05F_script01_1_M017.wav,Session5/sentences/MOCAP_rotated/Ses05F_script01_1/Ses05F_script01_1_M017.txt,fru,"[2.5000, 3.5000, 3.5000]"
Session5/sentences/MOCAP_head/Ses05F_script01_1/Ses05F_script01_1_M018.txt,Session5/sentences/wav/Ses05F_script01_1/Ses05F_script01_1_M018.wav,Session5/sentences/MOCAP_rotated/Ses05F_script01_1/Ses05F_script01_1_M018.txt,neu,"[3.0000, 3.0000, 3.5000]"
Session5/sentences/MOCAP_head/Ses05F_script01_1/Ses05F_script01_1_M019.txt,Session5/sentences/wav/Ses05F_script01_1/Ses05F_script01_1_M019.wav,Session5/sentences/MOCAP_rotated/Ses05F_script01_1/Ses05F_script01_1_M019.txt,fru,"[2.0000, 4.0000, 4.0000]"
Session5/sentences/MOCAP_head/Ses05F_script01_1/Ses05F_script01_1_M020.txt,Session5/sentences/wav/Ses05F_script01_1/Ses05F_script01_1_M020.wav,Session5/sentences/MOCAP_rotated/Ses05F_script01_1/Ses05F_script01_1_M020.txt,fru,"[2.0000, 4.0000, 4.0000]"
Session5/sentences/MOCAP_head/Ses05F_script01_1/Ses05F_script01_1_M021.txt,Session5/sentences/wav/Ses05F_script01_1/Ses05F_script01_1_M021.wav,Session5/sentences/MOCAP_rotated/Ses05F_script01_1/Ses05F_script01_1_M021.txt,xxx,"[1.0000, 4.0000, 4.5000]"
Session5/sentences/MOCAP_head/Ses05F_script01_1/Ses05F_script01_1_M022.txt,Session5/sentences/wav/Ses05F_script01_1/Ses05F_script01_1_M022.wav,Session5/sentences/MOCAP_rotated/Ses05F_script01_1/Ses05F_script01_1_M022.txt,xxx,"[1.0000, 4.0000, 4.5000]"
Session5/sentences/MOCAP_head/Ses05F_script01_1/Ses05F_script01_1_M023.txt,Session5/sentences/wav/Ses05F_script01_1/Ses05F_script01_1_M023.wav,Session5/sentences/MOCAP_rotated/Ses05F_script01_1/Ses05F_script01_1_M023.txt,xxx,"[1.0000, 4.5000, 4.5000]"
Session5/sentences/MOCAP_head/Ses05F_script01_1/Ses05F_script01_1_M024.txt,Session5/sentences/wav/Ses05F_script01_1/Ses05F_script01_1_M024.wav,Session5/sentences/MOCAP_rotated/Ses05F_script01_1/Ses05F_script01_1_M024.txt,fru,"[1.5000, 4.0000, 4.5000]"
Session5/sentences/MOCAP_head/Ses05F_script01_1/Ses05F_script01_1_M025.txt,Session5/sentences/wav/Ses05F_script01_1/Ses05F_script01_1_M025.wav,Session5/sentences/MOCAP_rotated/Ses05F_script01_1/Ses05F_script01_1_M025.txt,ang,"[1.5000, 4.5000, 4.5000]"
Session5/sentences/MOCAP_head/Ses05F_script01_1/Ses05F_script01_1_M026.txt,Session5/sentences/wav/Ses05F_script01_1/Ses05F_script01_1_M026.wav,Session5/sentences/MOCAP_rotated/Ses05F_script01_1/Ses05F_script01_1_M026.txt,xxx,"[2.5000, 2.5000, 3.0000]"
Session5/sentences/MOCAP_head/Ses05F_script01_1/Ses05F_script01_1_M027.txt,Session5/sentences/wav/Ses05F_script01_1/Ses05F_script01_1_M027.wav,Session5/sentences/MOCAP_rotated/Ses05F_script01_1/Ses05F_script01_1_M027.txt,xxx,"[2.0000, 3.0000, 4.0000]"
Session5/sentences/MOCAP_head/Ses05F_script01_1/Ses05F_script01_1_M028.txt,Session5/sentences/wav/Ses05F_script01_1/Ses05F_script01_1_M028.wav,Session5/sentences/MOCAP_rotated/Ses05F_script01_1/Ses05F_script01_1_M028.txt,fru,"[1.5000, 4.0000, 4.5000]"
Session5/sentences/MOCAP_head/Ses05F_script01_1/Ses05F_script01_1_M029.txt,Session5/sentences/wav/Ses05F_script01_1/Ses05F_script01_1_M029.wav,Session5/sentences/MOCAP_rotated/Ses05F_script01_1/Ses05F_script01_1_M029.txt,fru,"[2.5000, 3.5000, 4.5000]"
Session5/sentences/MOCAP_head/Ses05F_script01_1/Ses05F_script01_1_M030.txt,Session5/sentences/wav/Ses05F_script01_1/Ses05F_script01_1_M030.wav,Session5/sentences/MOCAP_rotated/Ses05F_script01_1/Ses05F_script01_1_M030.txt,fru,"[2.0000, 4.0000, 4.0000]"
Session5/sentences/MOCAP_head/Ses05F_script01_1/Ses05F_script01_1_M031.txt,Session5/sentences/wav/Ses05F_script01_1/Ses05F_script01_1_M031.wav,Session5/sentences/MOCAP_rotated/Ses05F_script01_1/Ses05F_script01_1_M031.txt,fru,"[3.0000, 3.0000, 3.5000]"
Session5/sentences/MOCAP_head/Ses05F_script01_1/Ses05F_script01_1_M032.txt,Session5/sentences/wav/Ses05F_script01_1/Ses05F_script01_1_M032.wav,Session5/sentences/MOCAP_rotated/Ses05F_script01_1/Ses05F_script01_1_M032.txt,fru,"[2.0000, 4.0000, 4.5000]"
Session5/sentences/MOCAP_head/Ses05F_script01_1/Ses05F_script01_1_M033.txt,Session5/sentences/wav/Ses05F_script01_1/Ses05F_script01_1_M033.wav,Session5/sentences/MOCAP_rotated/Ses05F_script01_1/Ses05F_script01_1_M033.txt,fru,"[2.5000, 4.0000, 4.0000]"
Session5/sentences/MOCAP_head/Ses05F_script01_1/Ses05F_script01_1_M034.txt,Session5/sentences/wav/Ses05F_script01_1/Ses05F_script01_1_M034.wav,Session5/sentences/MOCAP_rotated/Ses05F_script01_1/Ses05F_script01_1_M034.txt,xxx,"[1.5000, 4.0000, 5.0000]"
Session5/sentences/MOCAP_head/Ses05F_script01_1/Ses05F_script01_1_M035.txt,Session5/sentences/wav/Ses05F_script01_1/Ses05F_script01_1_M035.wav,Session5/sentences/MOCAP_rotated/Ses05F_script01_1/Ses05F_script01_1_M035.txt,ang,"[1.5000, 4.0000, 4.0000]"
Session5/sentences/MOCAP_head/Ses05F_script01_1/Ses05F_script01_1_M036.txt,Session5/sentences/wav/Ses05F_script01_1/Ses05F_script01_1_M036.wav,Session5/sentences/MOCAP_rotated/Ses05F_script01_1/Ses05F_script01_1_M036.txt,xxx,"[2.0000, 5.0000, 5.0000]"
Session5/sentences/MOCAP_head/Ses05F_script01_1/Ses05F_script01_1_M037.txt,Session5/sentences/wav/Ses05F_script01_1/Ses05F_script01_1_M037.wav,Session5/sentences/MOCAP_rotated/Ses05F_script01_1/Ses05F_script01_1_M037.txt,xxx,"[2.5000, 3.5000, 3.5000]"
Session5/sentences/MOCAP_head/Ses05F_script01_1/Ses05F_script01_1_M038.txt,Session5/sentences/wav/Ses05F_script01_1/Ses05F_script01_1_M038.wav,Session5/sentences/MOCAP_rotated/Ses05F_script01_1/Ses05F_script01_1_M038.txt,xxx,"[1.5000, 4.5000, 4.5000]"
Session5/sentences/MOCAP_head/Ses05F_script01_1/Ses05F_script01_1_M039.txt,Session5/sentences/wav/Ses05F_script01_1/Ses05F_script01_1_M039.wav,Session5/sentences/MOCAP_rotated/Ses05F_script01_1/Ses05F_script01_1_M039.txt,xxx,"[2.5000, 3.0000, 4.0000]"
Session5/sentences/MOCAP_head/Ses05F_script01_1/Ses05F_script01_1_M040.txt,Session5/sentences/wav/Ses05F_script01_1/Ses05F_script01_1_M040.wav,Session5/sentences/MOCAP_rotated/Ses05F_script01_1/Ses05F_script01_1_M040.txt,xxx,"[2.0000, 2.5000, 4.0000]"
Session5/sentences/MOCAP_head/Ses05F_script01_2/Ses05F_script01_2_M000.txt,Session5/sentences/wav/Ses05F_script01_2/Ses05F_script01_2_M000.wav,Session5/sentences/MOCAP_rotated/Ses05F_script01_2/Ses05F_script01_2_M000.txt,neu,"[3.0000, 2.5000, 2.5000]"
Session5/sentences/MOCAP_head/Ses05F_script01_2/Ses05F_script01_2_M001.txt,Session5/sentences/wav/Ses05F_script01_2/Ses05F_script01_2_M001.wav,Session5/sentences/MOCAP_rotated/Ses05F_script01_2/Ses05F_script01_2_M001.txt,neu,"[3.0000, 3.5000, 3.0000]"
Session5/sentences/MOCAP_head/Ses05F_script01_2/Ses05F_script01_2_M002.txt,Session5/sentences/wav/Ses05F_script01_2/Ses05F_script01_2_M002.wav,Session5/sentences/MOCAP_rotated/Ses05F_script01_2/Ses05F_script01_2_M002.txt,neu,"[2.5000, 3.0000, 3.5000]"
Session5/sentences/MOCAP_head/Ses05F_script01_2/Ses05F_script01_2_M003.txt,Session5/sentences/wav/Ses05F_script01_2/Ses05F_script01_2_M003.wav,Session5/sentences/MOCAP_rotated/Ses05F_script01_2/Ses05F_script01_2_M003.txt,fru,"[3.0000, 3.5000, 3.0000]"
Session5/sentences/MOCAP_head/Ses05F_script01_2/Ses05F_script01_2_M004.txt,Session5/sentences/wav/Ses05F_script01_2/Ses05F_script01_2_M004.wav,Session5/sentences/MOCAP_rotated/Ses05F_script01_2/Ses05F_script01_2_M004.txt,fru,"[2.5000, 3.5000, 3.0000]"
Session5/sentences/MOCAP_head/Ses05F_script01_2/Ses05F_script01_2_M005.txt,Session5/sentences/wav/Ses05F_script01_2/Ses05F_script01_2_M005.wav,Session5/sentences/MOCAP_rotated/Ses05F_script01_2/Ses05F_script01_2_M005.txt,fru,"[2.0000, 3.5000, 3.0000]"
Session5/sentences/MOCAP_head/Ses05F_script01_2/Ses05F_script01_2_M006.txt,Session5/sentences/wav/Ses05F_script01_2/Ses05F_script01_2_M006.wav,Session5/sentences/MOCAP_rotated/Ses05F_script01_2/Ses05F_script01_2_M006.txt,xxx,"[2.5000, 3.0000, 3.5000]"
Session5/sentences/MOCAP_head/Ses05F_script01_2/Ses05F_script01_2_M007.txt,Session5/sentences/wav/Ses05F_script01_2/Ses05F_script01_2_M007.wav,Session5/sentences/MOCAP_rotated/Ses05F_script01_2/Ses05F_script01_2_M007.txt,fru,"[2.0000, 3.5000, 3.0000]"
Session5/sentences/MOCAP_head/Ses05F_script01_2/Ses05F_script01_2_M008.txt,Session5/sentences/wav/Ses05F_script01_2/Ses05F_script01_2_M008.wav,Session5/sentences/MOCAP_rotated/Ses05F_script01_2/Ses05F_script01_2_M008.txt,fru,"[2.0000, 4.0000, 3.0000]"
Session5/sentences/MOCAP_head/Ses05F_script01_2/Ses05F_script01_2_M009.txt,Session5/sentences/wav/Ses05F_script01_2/Ses05F_script01_2_M009.wav,Session5/sentences/MOCAP_rotated/Ses05F_script01_2/Ses05F_script01_2_M009.txt,fru,"[1.5000, 3.5000, 4.5000]"
Session5/sentences/MOCAP_head/Ses05F_script01_2/Ses05F_script01_2_M010.txt,Session5/sentences/wav/Ses05F_script01_2/Ses05F_script01_2_M010.wav,Session5/sentences/MOCAP_rotated/Ses05F_script01_2/Ses05F_script01_2_M010.txt,fru,"[2.0000, 2.5000, 2.5000]"
Session5/sentences/MOCAP_head/Ses05F_script01_2/Ses05F_script01_2_M011.txt,Session5/sentences/wav/Ses05F_script01_2/Ses05F_script01_2_M011.wav,Session5/sentences/MOCAP_rotated/Ses05F_script01_2/Ses05F_script01_2_M011.txt,fru,"[4.0000, 3.0000, 2.5000]"
Session5/sentences/MOCAP_head/Ses05F_script01_2/Ses05F_script01_2_M012.txt,Session5/sentences/wav/Ses05F_script01_2/Ses05F_script01_2_M012.wav,Session5/sentences/MOCAP_rotated/Ses05F_script01_2/Ses05F_script01_2_M012.txt,fru,"[2.5000, 3.0000, 3.0000]"
Session5/sentences/MOCAP_head/Ses05F_script01_2/Ses05F_script01_2_M013.txt,Session5/sentences/wav/Ses05F_script01_2/Ses05F_script01_2_M013.wav,Session5/sentences/MOCAP_rotated/Ses05F_script01_2/Ses05F_script01_2_M013.txt,fru,"[2.5000, 3.5000, 3.0000]"
Session5/sentences/MOCAP_head/Ses05F_script01_2/Ses05F_script01_2_M014.txt,Session5/sentences/wav/Ses05F_script01_2/Ses05F_script01_2_M014.wav,Session5/sentences/MOCAP_rotated/Ses05F_script01_2/Ses05F_script01_2_M014.txt,fru,"[2.5000, 3.5000, 4.0000]"
Session5/sentences/MOCAP_head/Ses05F_script01_2/Ses05F_script01_2_M015.txt,Session5/sentences/wav/Ses05F_script01_2/Ses05F_script01_2_M015.wav,Session5/sentences/MOCAP_rotated/Ses05F_script01_2/Ses05F_script01_2_M015.txt,xxx,"[2.0000, 3.0000, 3.5000]"
Session5/sentences/MOCAP_head/Ses05F_script01_2/Ses05F_script01_2_M016.txt,Session5/sentences/wav/Ses05F_script01_2/Ses05F_script01_2_M016.wav,Session5/sentences/MOCAP_rotated/Ses05F_script01_2/Ses05F_script01_2_M016.txt,ang,"[1.5000, 4.0000, 4.5000]"
Session5/sentences/MOCAP_head/Ses05F_script01_2/Ses05F_script01_2_M017.txt,Session5/sentences/wav/Ses05F_script01_2/Ses05F_script01_2_M017.wav,Session5/sentences/MOCAP_rotated/Ses05F_script01_2/Ses05F_script01_2_M017.txt,ang,"[1.5000, 4.0000, 5.0000]"
Session5/sentences/MOCAP_head/Ses05F_script01_3/Ses05F_script01_3_M000.txt,Session5/sentences/wav/Ses05F_script01_3/Ses05F_script01_3_M000.wav,Session5/sentences/MOCAP_rotated/Ses05F_script01_3/Ses05F_script01_3_M000.txt,hap,"[4.0000, 3.5000, 3.0000]"
Session5/sentences/MOCAP_head/Ses05F_script01_3/Ses05F_script01_3_M001.txt,Session5/sentences/wav/Ses05F_script01_3/Ses05F_script01_3_M001.wav,Session5/sentences/MOCAP_rotated/Ses05F_script01_3/Ses05F_script01_3_M001.txt,xxx,"[4.0000, 3.0000, 3.0000]"
Session5/sentences/MOCAP_head/Ses05F_script01_3/Ses05F_script01_3_M002.txt,Session5/sentences/wav/Ses05F_script01_3/Ses05F_script01_3_M002.wav,Session5/sentences/MOCAP_rotated/Ses05F_script01_3/Ses05F_script01_3_M002.txt,sur,"[3.0000, 2.5000, 2.0000]"
Session5/sentences/MOCAP_head/Ses05F_script01_3/Ses05F_script01_3_M003.txt,Session5/sentences/wav/Ses05F_script01_3/Ses05F_script01_3_M003.wav,Session5/sentences/MOCAP_rotated/Ses05F_script01_3/Ses05F_script01_3_M003.txt,xxx,"[2.5000, 3.0000, 2.5000]"
Session5/sentences/MOCAP_head/Ses05F_script01_3/Ses05F_script01_3_M004.txt,Session5/sentences/wav/Ses05F_script01_3/Ses05F_script01_3_M004.wav,Session5/sentences/MOCAP_rotated/Ses05F_script01_3/Ses05F_script01_3_M004.txt,neu,"[3.0000, 2.5000, 3.0000]"
Session5/sentences/MOCAP_head/Ses05F_script01_3/Ses05F_script01_3_M005.txt,Session5/sentences/wav/Ses05F_script01_3/Ses05F_script01_3_M005.wav,Session5/sentences/MOCAP_rotated/Ses05F_script01_3/Ses05F_script01_3_M005.txt,hap,"[3.5000, 4.0000, 2.5000]"
Session5/sentences/MOCAP_head/Ses05F_script01_3/Ses05F_script01_3_M006.txt,Session5/sentences/wav/Ses05F_script01_3/Ses05F_script01_3_M006.wav,Session5/sentences/MOCAP_rotated/Ses05F_script01_3/Ses05F_script01_3_M006.txt,neu,"[3.0000, 3.0000, 2.5000]"
Session5/sentences/MOCAP_head/Ses05F_script01_3/Ses05F_script01_3_M007.txt,Session5/sentences/wav/Ses05F_script01_3/Ses05F_script01_3_M007.wav,Session5/sentences/MOCAP_rotated/Ses05F_script01_3/Ses05F_script01_3_M007.txt,xxx,"[3.5000, 3.0000, 2.0000]"
Session5/sentences/MOCAP_head/Ses05F_script01_3/Ses05F_script01_3_M008.txt,Session5/sentences/wav/Ses05F_script01_3/Ses05F_script01_3_M008.wav,Session5/sentences/MOCAP_rotated/Ses05F_script01_3/Ses05F_script01_3_M008.txt,hap,"[5.0000, 4.0000, 4.5000]"
Session5/sentences/MOCAP_head/Ses05F_script01_3/Ses05F_script01_3_M009.txt,Session5/sentences/wav/Ses05F_script01_3/Ses05F_script01_3_M009.wav,Session5/sentences/MOCAP_rotated/Ses05F_script01_3/Ses05F_script01_3_M009.txt,exc,"[4.5000, 4.5000, 4.5000]"
Session5/sentences/MOCAP_head/Ses05F_script01_3/Ses05F_script01_3_M010.txt,Session5/sentences/wav/Ses05F_script01_3/Ses05F_script01_3_M010.wav,Session5/sentences/MOCAP_rotated/Ses05F_script01_3/Ses05F_script01_3_M010.txt,exc,"[2.0000, 4.5000, 4.5000]"
Session5/sentences/MOCAP_head/Ses05F_script01_3/Ses05F_script01_3_M011.txt,Session5/sentences/wav/Ses05F_script01_3/Ses05F_script01_3_M011.wav,Session5/sentences/MOCAP_rotated/Ses05F_script01_3/Ses05F_script01_3_M011.txt,xxx,"[2.5000, 3.0000, 2.5000]"
Session5/sentences/MOCAP_head/Ses05F_script01_3/Ses05F_script01_3_M012.txt,Session5/sentences/wav/Ses05F_script01_3/Ses05F_script01_3_M012.wav,Session5/sentences/MOCAP_rotated/Ses05F_script01_3/Ses05F_script01_3_M012.txt,xxx,"[3.0000, 3.0000, 3.0000]"
Session5/sentences/MOCAP_head/Ses05F_script01_3/Ses05F_script01_3_M013.txt,Session5/sentences/wav/Ses05F_script01_3/Ses05F_script01_3_M013.wav,Session5/sentences/MOCAP_rotated/Ses05F_script01_3/Ses05F_script01_3_M013.txt,xxx,"[3.5000, 3.5000, 2.5000]"
Session5/sentences/MOCAP_head/Ses05F_script01_3/Ses05F_script01_3_M014.txt,Session5/sentences/wav/Ses05F_script01_3/Ses05F_script01_3_M014.wav,Session5/sentences/MOCAP_rotated/Ses05F_script01_3/Ses05F_script01_3_M014.txt,xxx,"[4.5000, 4.0000, 3.5000]"
Session5/sentences/MOCAP_head/Ses05F_script01_3/Ses05F_script01_3_M015.txt,Session5/sentences/wav/Ses05F_script01_3/Ses05F_script01_3_M015.wav,Session5/sentences/MOCAP_rotated/Ses05F_script01_3/Ses05F_script01_3_M015.txt,xxx,"[4.0000, 4.0000, 3.5000]"
Session5/sentences/MOCAP_head/Ses05F_script01_3/Ses05F_script01_3_M016.txt,Session5/sentences/wav/Ses05F_script01_3/Ses05F_script01_3_M016.wav,Session5/sentences/MOCAP_rotated/Ses05F_script01_3/Ses05F_script01_3_M016.txt,exc,"[5.0000, 4.5000, 4.5000]"
Session5/sentences/MOCAP_head/Ses05F_script01_3/Ses05F_script01_3_M017.txt,Session5/sentences/wav/Ses05F_script01_3/Ses05F_script01_3_M017.wav,Session5/sentences/MOCAP_rotated/Ses05F_script01_3/Ses05F_script01_3_M017.txt,exc,"[4.5000, 4.5000, 4.0000]"
Session5/sentences/MOCAP_head/Ses05F_script01_3/Ses05F_script01_3_M018.txt,Session5/sentences/wav/Ses05F_script01_3/Ses05F_script01_3_M018.wav,Session5/sentences/MOCAP_rotated/Ses05F_script01_3/Ses05F_script01_3_M018.txt,xxx,"[2.5000, 3.5000, 2.5000]"
Session5/sentences/MOCAP_head/Ses05F_script01_3/Ses05F_script01_3_M019.txt,Session5/sentences/wav/Ses05F_script01_3/Ses05F_script01_3_M019.wav,Session5/sentences/MOCAP_rotated/Ses05F_script01_3/Ses05F_script01_3_M019.txt,xxx,"[2.5000, 3.5000, 2.5000]"
Session5/sentences/MOCAP_head/Ses05F_script01_3/Ses05F_script01_3_M020.txt,Session5/sentences/wav/Ses05F_script01_3/Ses05F_script01_3_M020.wav,Session5/sentences/MOCAP_rotated/Ses05F_script01_3/Ses05F_script01_3_M020.txt,xxx,"[2.0000, 3.0000, 2.5000]"
Session5/sentences/MOCAP_head/Ses05F_script01_3/Ses05F_script01_3_M021.txt,Session5/sentences/wav/Ses05F_script01_3/Ses05F_script01_3_M021.wav,Session5/sentences/MOCAP_rotated/Ses05F_script01_3/Ses05F_script01_3_M021.txt,sad,"[2.0000, 2.5000, 3.5000]"
Session5/sentences/MOCAP_head/Ses05F_script01_3/Ses05F_script01_3_M022.txt,Session5/sentences/wav/Ses05F_script01_3/Ses05F_script01_3_M022.wav,Session5/sentences/MOCAP_rotated/Ses05F_script01_3/Ses05F_script01_3_M022.txt,xxx,"[2.0000, 2.5000, 2.5000]"
Session5/sentences/MOCAP_head/Ses05F_script01_3/Ses05F_script01_3_M023.txt,Session5/sentences/wav/Ses05F_script01_3/Ses05F_script01_3_M023.wav,Session5/sentences/MOCAP_rotated/Ses05F_script01_3/Ses05F_script01_3_M023.txt,sad,"[2.0000, 3.0000, 2.0000]"
Session5/sentences/MOCAP_head/Ses05F_script01_3/Ses05F_script01_3_M024.txt,Session5/sentences/wav/Ses05F_script01_3/Ses05F_script01_3_M024.wav,Session5/sentences/MOCAP_rotated/Ses05F_script01_3/Ses05F_script01_3_M024.txt,sad,"[3.0000, 3.5000, 3.0000]"
Session5/sentences/MOCAP_head/Ses05F_script01_3/Ses05F_script01_3_M025.txt,Session5/sentences/wav/Ses05F_script01_3/Ses05F_script01_3_M025.wav,Session5/sentences/MOCAP_rotated/Ses05F_script01_3/Ses05F_script01_3_M025.txt,sad,"[2.5000, 2.5000, 3.5000]"
Session5/sentences/MOCAP_head/Ses05F_script01_3/Ses05F_script01_3_M026.txt,Session5/sentences/wav/Ses05F_script01_3/Ses05F_script01_3_M026.wav,Session5/sentences/MOCAP_rotated/Ses05F_script01_3/Ses05F_script01_3_M026.txt,sad,"[2.0000, 2.5000, 3.0000]"
Session5/sentences/MOCAP_head/Ses05F_script01_3/Ses05F_script01_3_M027.txt,Session5/sentences/wav/Ses05F_script01_3/Ses05F_script01_3_M027.wav,Session5/sentences/MOCAP_rotated/Ses05F_script01_3/Ses05F_script01_3_M027.txt,sad,"[2.5000, 3.0000, 3.5000]"
Session5/sentences/MOCAP_head/Ses05F_script01_3/Ses05F_script01_3_M028.txt,Session5/sentences/wav/Ses05F_script01_3/Ses05F_script01_3_M028.wav,Session5/sentences/MOCAP_rotated/Ses05F_script01_3/Ses05F_script01_3_M028.txt,sad,"[3.0000, 4.0000, 4.0000]"
Session5/sentences/MOCAP_head/Ses05F_script01_3/Ses05F_script01_3_M029.txt,Session5/sentences/wav/Ses05F_script01_3/Ses05F_script01_3_M029.wav,Session5/sentences/MOCAP_rotated/Ses05F_script01_3/Ses05F_script01_3_M029.txt,sad,"[3.5000, 4.0000, 4.0000]"
Session5/sentences/MOCAP_head/Ses05F_script01_3/Ses05F_script01_3_M030.txt,Session5/sentences/wav/Ses05F_script01_3/Ses05F_script01_3_M030.wav,Session5/sentences/MOCAP_rotated/Ses05F_script01_3/Ses05F_script01_3_M030.txt,sad,"[2.5000, 4.0000, 4.5000]"
Session5/sentences/MOCAP_head/Ses05F_script01_3/Ses05F_script01_3_M031.txt,Session5/sentences/wav/Ses05F_script01_3/Ses05F_script01_3_M031.wav,Session5/sentences/MOCAP_rotated/Ses05F_script01_3/Ses05F_script01_3_M031.txt,sad,"[2.5000, 3.5000, 4.0000]"
Session5/sentences/MOCAP_head/Ses05F_script01_3/Ses05F_script01_3_M032.txt,Session5/sentences/wav/Ses05F_script01_3/Ses05F_script01_3_M032.wav,Session5/sentences/MOCAP_rotated/Ses05F_script01_3/Ses05F_script01_3_M032.txt,sad,"[3.0000, 3.5000, 4.5000]"
Session5/sentences/MOCAP_head/Ses05F_script01_3/Ses05F_script01_3_M033.txt,Session5/sentences/wav/Ses05F_script01_3/Ses05F_script01_3_M033.wav,Session5/sentences/MOCAP_rotated/Ses05F_script01_3/Ses05F_script01_3_M033.txt,sad,"[3.0000, 4.5000, 4.5000]"
Session5/sentences/MOCAP_head/Ses05F_script01_3/Ses05F_script01_3_M034.txt,Session5/sentences/wav/Ses05F_script01_3/Ses05F_script01_3_M034.wav,Session5/sentences/MOCAP_rotated/Ses05F_script01_3/Ses05F_script01_3_M034.txt,sad,"[2.5000, 3.5000, 4.0000]"
Session5/sentences/MOCAP_head/Ses05F_script01_3/Ses05F_script01_3_M035.txt,Session5/sentences/wav/Ses05F_script01_3/Ses05F_script01_3_M035.wav,Session5/sentences/MOCAP_rotated/Ses05F_script01_3/Ses05F_script01_3_M035.txt,sad,"[2.0000, 3.5000, 4.0000]"
Session5/sentences/MOCAP_head/Ses05F_script01_3/Ses05F_script01_3_M036.txt,Session5/sentences/wav/Ses05F_script01_3/Ses05F_script01_3_M036.wav,Session5/sentences/MOCAP_rotated/Ses05F_script01_3/Ses05F_script01_3_M036.txt,sad,"[1.5000, 3.5000, 4.5000]"
Session5/sentences/MOCAP_head/Ses05F_script01_3/Ses05F_script01_3_M037.txt,Session5/sentences/wav/Ses05F_script01_3/Ses05F_script01_3_M037.wav,Session5/sentences/MOCAP_rotated/Ses05F_script01_3/Ses05F_script01_3_M037.txt,sad,"[1.5000, 4.5000, 4.5000]"
Session5/sentences/MOCAP_head/Ses05F_script01_3/Ses05F_script01_3_M038.txt,Session5/sentences/wav/Ses05F_script01_3/Ses05F_script01_3_M038.wav,Session5/sentences/MOCAP_rotated/Ses05F_script01_3/Ses05F_script01_3_M038.txt,xxx,"[1.0000, 4.0000, 4.5000]"
Session5/sentences/MOCAP_head/Ses05F_script01_3/Ses05F_script01_3_M039.txt,Session5/sentences/wav/Ses05F_script01_3/Ses05F_script01_3_M039.wav,Session5/sentences/MOCAP_rotated/Ses05F_script01_3/Ses05F_script01_3_M039.txt,exc,"[3.0000, 4.0000, 3.5000]"
Session5/sentences/MOCAP_head/Ses05F_script01_3/Ses05F_script01_3_M040.txt,Session5/sentences/wav/Ses05F_script01_3/Ses05F_script01_3_M040.wav,Session5/sentences/MOCAP_rotated/Ses05F_script01_3/Ses05F_script01_3_M040.txt,hap,"[4.0000, 4.5000, 4.5000]"
Session5/sentences/MOCAP_head/Ses05F_script02_1/Ses05F_script02_1_M000.txt,Session5/sentences/wav/Ses05F_script02_1/Ses05F_script02_1_M000.wav,Session5/sentences/MOCAP_rotated/Ses05F_script02_1/Ses05F_script02_1_M000.txt,exc,"[4.0000, 4.0000, 2.5000]"
Session5/sentences/MOCAP_head/Ses05F_script02_1/Ses05F_script02_1_M001.txt,Session5/sentences/wav/Ses05F_script02_1/Ses05F_script02_1_M001.wav,Session5/sentences/MOCAP_rotated/Ses05F_script02_1/Ses05F_script02_1_M001.txt,exc,"[4.0000, 3.0000, 2.5000]"
Session5/sentences/MOCAP_head/Ses05F_script02_1/Ses05F_script02_1_M002.txt,Session5/sentences/wav/Ses05F_script02_1/Ses05F_script02_1_M002.wav,Session5/sentences/MOCAP_rotated/Ses05F_script02_1/Ses05F_script02_1_M002.txt,exc,"[4.0000, 3.0000, 2.0000]"
Session5/sentences/MOCAP_head/Ses05F_script02_1/Ses05F_script02_1_M003.txt,Session5/sentences/wav/Ses05F_script02_1/Ses05F_script02_1_M003.wav,Session5/sentences/MOCAP_rotated/Ses05F_script02_1/Ses05F_script02_1_M003.txt,exc,"[3.0000, 3.5000, 3.0000]"
Session5/sentences/MOCAP_head/Ses05F_script02_1/Ses05F_script02_1_M004.txt,Session5/sentences/wav/Ses05F_script02_1/Ses05F_script02_1_M004.wav,Session5/sentences/MOCAP_rotated/Ses05F_script02_1/Ses05F_script02_1_M004.txt,fru,"[3.0000, 3.5000, 2.5000]"
Session5/sentences/MOCAP_head/Ses05F_script02_1/Ses05F_script02_1_M005.txt,Session5/sentences/wav/Ses05F_script02_1/Ses05F_script02_1_M005.wav,Session5/sentences/MOCAP_rotated/Ses05F_script02_1/Ses05F_script02_1_M005.txt,fru,"[4.0000, 3.0000, 2.0000]"
Session5/sentences/MOCAP_head/Ses05F_script02_1/Ses05F_script02_1_M006.txt,Session5/sentences/wav/Ses05F_script02_1/Ses05F_script02_1_M006.wav,Session5/sentences/MOCAP_rotated/Ses05F_script02_1/Ses05F_script02_1_M006.txt,fru,"[3.0000, 2.5000, 2.0000]"
Session5/sentences/MOCAP_head/Ses05F_script02_1/Ses05F_script02_1_M007.txt,Session5/sentences/wav/Ses05F_script02_1/Ses05F_script02_1_M007.wav,Session5/sentences/MOCAP_rotated/Ses05F_script02_1/Ses05F_script02_1_M007.txt,fru,"[4.0000, 2.5000, 2.0000]"
Session5/sentences/MOCAP_head/Ses05F_script02_1/Ses05F_script02_1_M008.txt,Session5/sentences/wav/Ses05F_script02_1/Ses05F_script02_1_M008.wav,Session5/sentences/MOCAP_rotated/Ses05F_script02_1/Ses05F_script02_1_M008.txt,xxx,"[4.0000, 2.5000, 2.0000]"
Session5/sentences/MOCAP_head/Ses05F_script02_1/Ses05F_script02_1_M009.txt,Session5/sentences/wav/Ses05F_script02_1/Ses05F_script02_1_M009.wav,Session5/sentences/MOCAP_rotated/Ses05F_script02_1/Ses05F_script02_1_M009.txt,exc,"[4.0000, 3.5000, 2.0000]"
Session5/sentences/MOCAP_head/Ses05F_script02_1/Ses05F_script02_1_M010.txt,Session5/sentences/wav/Ses05F_script02_1/Ses05F_script02_1_M010.wav,Session5/sentences/MOCAP_rotated/Ses05F_script02_1/Ses05F_script02_1_M010.txt,exc,"[3.5000, 3.5000, 2.0000]"
Session5/sentences/MOCAP_head/Ses05F_script02_1/Ses05F_script02_1_M011.txt,Session5/sentences/wav/Ses05F_script02_1/Ses05F_script02_1_M011.wav,Session5/sentences/MOCAP_rotated/Ses05F_script02_1/Ses05F_script02_1_M011.txt,exc,"[4.0000, 3.5000, 2.5000]"
Session5/sentences/MOCAP_head/Ses05F_script02_1/Ses05F_script02_1_M012.txt,Session5/sentences/wav/Ses05F_script02_1/Ses05F_script02_1_M012.wav,Session5/sentences/MOCAP_rotated/Ses05F_script02_1/Ses05F_script02_1_M012.txt,exc,"[4.0000, 3.0000, 2.0000]"
Session5/sentences/MOCAP_head/Ses05F_script02_1/Ses05F_script02_1_M013.txt,Session5/sentences/wav/Ses05F_script02_1/Ses05F_script02_1_M013.wav,Session5/sentences/MOCAP_rotated/Ses05F_script02_1/Ses05F_script02_1_M013.txt,xxx,"[4.0000, 3.0000, 2.5000]"
Session5/sentences/MOCAP_head/Ses05F_script02_1/Ses05F_script02_1_M014.txt,Session5/sentences/wav/Ses05F_script02_1/Ses05F_script02_1_M014.wav,Session5/sentences/MOCAP_rotated/Ses05F_script02_1/Ses05F_script02_1_M014.txt,exc,"[4.0000, 2.5000, 2.0000]"
Session5/sentences/MOCAP_head/Ses05F_script02_1/Ses05F_script02_1_M015.txt,Session5/sentences/wav/Ses05F_script02_1/Ses05F_script02_1_M015.wav,Session5/sentences/MOCAP_rotated/Ses05F_script02_1/Ses05F_script02_1_M015.txt,xxx,"[4.0000, 3.0000, 2.5000]"
Session5/sentences/MOCAP_head/Ses05F_script02_1/Ses05F_script02_1_M016.txt,Session5/sentences/wav/Ses05F_script02_1/Ses05F_script02_1_M016.wav,Session5/sentences/MOCAP_rotated/Ses05F_script02_1/Ses05F_script02_1_M016.txt,xxx,"[3.5000, 3.0000, 2.5000]"
Session5/sentences/MOCAP_head/Ses05F_script02_1/Ses05F_script02_1_M017.txt,Session5/sentences/wav/Ses05F_script02_1/Ses05F_script02_1_M017.wav,Session5/sentences/MOCAP_rotated/Ses05F_script02_1/Ses05F_script02_1_M017.txt,fru,"[3.5000, 3.5000, 2.5000]"
Session5/sentences/MOCAP_head/Ses05F_script02_1/Ses05F_script02_1_M018.txt,Session5/sentences/wav/Ses05F_script02_1/Ses05F_script02_1_M018.wav,Session5/sentences/MOCAP_rotated/Ses05F_script02_1/Ses05F_script02_1_M018.txt,exc,"[3.5000, 3.5000, 2.5000]"
Session5/sentences/MOCAP_head/Ses05F_script02_1/Ses05F_script02_1_M019.txt,Session5/sentences/wav/Ses05F_script02_1/Ses05F_script02_1_M019.wav,Session5/sentences/MOCAP_rotated/Ses05F_script02_1/Ses05F_script02_1_M019.txt,exc,"[3.5000, 3.5000, 2.5000]"
Session5/sentences/MOCAP_head/Ses05F_script02_1/Ses05F_script02_1_M020.txt,Session5/sentences/wav/Ses05F_script02_1/Ses05F_script02_1_M020.wav,Session5/sentences/MOCAP_rotated/Ses05F_script02_1/Ses05F_script02_1_M020.txt,exc,"[4.5000, 3.5000, 2.5000]"
Session5/sentences/MOCAP_head/Ses05F_script02_1/Ses05F_script02_1_M021.txt,Session5/sentences/wav/Ses05F_script02_1/Ses05F_script02_1_M021.wav,Session5/sentences/MOCAP_rotated/Ses05F_script02_1/Ses05F_script02_1_M021.txt,exc,"[4.5000, 3.5000, 2.5000]"
Session5/sentences/MOCAP_head/Ses05F_script02_1/Ses05F_script02_1_M022.txt,Session5/sentences/wav/Ses05F_script02_1/Ses05F_script02_1_M022.wav,Session5/sentences/MOCAP_rotated/Ses05F_script02_1/Ses05F_script02_1_M022.txt,xxx,"[3.0000, 3.5000, 2.5000]"
Session5/sentences/MOCAP_head/Ses05F_script02_1/Ses05F_script02_1_M023.txt,Session5/sentences/wav/Ses05F_script02_1/Ses05F_script02_1_M023.wav,Session5/sentences/MOCAP_rotated/Ses05F_script02_1/Ses05F_script02_1_M023.txt,exc,"[3.5000, 4.0000, 2.5000]"
Session5/sentences/MOCAP_head/Ses05F_script02_1/Ses05F_script02_1_M024.txt,Session5/sentences/wav/Ses05F_script02_1/Ses05F_script02_1_M024.wav,Session5/sentences/MOCAP_rotated/Ses05F_script02_1/Ses05F_script02_1_M024.txt,exc,"[3.5000, 3.5000, 2.5000]"
Session5/sentences/MOCAP_head/Ses05F_script02_1/Ses05F_script02_1_M025.txt,Session5/sentences/wav/Ses05F_script02_1/Ses05F_script02_1_M025.wav,Session5/sentences/MOCAP_rotated/Ses05F_script02_1/Ses05F_script02_1_M025.txt,sur,"[3.0000, 3.5000, 2.0000]"
Session5/sentences/MOCAP_head/Ses05F_script02_1/Ses05F_script02_1_M026.txt,Session5/sentences/wav/Ses05F_script02_1/Ses05F_script02_1_M026.wav,Session5/sentences/MOCAP_rotated/Ses05F_script02_1/Ses05F_script02_1_M026.txt,xxx,"[3.5000, 3.5000, 2.5000]"
Session5/sentences/MOCAP_head/Ses05F_script02_1/Ses05F_script02_1_M027.txt,Session5/sentences/wav/Ses05F_script02_1/Ses05F_script02_1_M027.wav,Session5/sentences/MOCAP_rotated/Ses05F_script02_1/Ses05F_script02_1_M027.txt,fru,"[2.5000, 2.5000, 3.0000]"
Session5/sentences/MOCAP_head/Ses05F_script02_1/Ses05F_script02_1_M028.txt,Session5/sentences/wav/Ses05F_script02_1/Ses05F_script02_1_M028.wav,Session5/sentences/MOCAP_rotated/Ses05F_script02_1/Ses05F_script02_1_M028.txt,xxx,"[3.5000, 3.5000, 2.5000]"
Session5/sentences/MOCAP_head/Ses05F_script02_1/Ses05F_script02_1_M029.txt,Session5/sentences/wav/Ses05F_script02_1/Ses05F_script02_1_M029.wav,Session5/sentences/MOCAP_rotated/Ses05F_script02_1/Ses05F_script02_1_M029.txt,exc,"[4.0000, 3.5000, 2.5000]"
Session5/sentences/MOCAP_head/Ses05F_script02_1/Ses05F_script02_1_M030.txt,Session5/sentences/wav/Ses05F_script02_1/Ses05F_script02_1_M030.wav,Session5/sentences/MOCAP_rotated/Ses05F_script02_1/Ses05F_script02_1_M030.txt,exc,"[4.5000, 3.5000, 2.5000]"
Session5/sentences/MOCAP_head/Ses05F_script02_1/Ses05F_script02_1_M031.txt,Session5/sentences/wav/Ses05F_script02_1/Ses05F_script02_1_M031.wav,Session5/sentences/MOCAP_rotated/Ses05F_script02_1/Ses05F_script02_1_M031.txt,exc,"[3.5000, 3.5000, 2.5000]"
Session5/sentences/MOCAP_head/Ses05F_script02_1/Ses05F_script02_1_M032.txt,Session5/sentences/wav/Ses05F_script02_1/Ses05F_script02_1_M032.wav,Session5/sentences/MOCAP_rotated/Ses05F_script02_1/Ses05F_script02_1_M032.txt,exc,"[4.0000, 4.0000, 2.5000]"
Session5/sentences/MOCAP_head/Ses05F_script02_1/Ses05F_script02_1_M033.txt,Session5/sentences/wav/Ses05F_script02_1/Ses05F_script02_1_M033.wav,Session5/sentences/MOCAP_rotated/Ses05F_script02_1/Ses05F_script02_1_M033.txt,exc,"[4.5000, 4.0000, 3.0000]"
Session5/sentences/MOCAP_head/Ses05F_script02_1/Ses05F_script02_1_M034.txt,Session5/sentences/wav/Ses05F_script02_1/Ses05F_script02_1_M034.wav,Session5/sentences/MOCAP_rotated/Ses05F_script02_1/Ses05F_script02_1_M034.txt,exc,"[4.0000, 3.5000, 1.5000]"
Session5/sentences/MOCAP_head/Ses05F_script02_2/Ses05F_script02_2_M000.txt,Session5/sentences/wav/Ses05F_script02_2/Ses05F_script02_2_M000.wav,Session5/sentences/MOCAP_rotated/Ses05F_script02_2/Ses05F_script02_2_M000.txt,exc,"[4.0000, 3.0000, 3.0000]"
Session5/sentences/MOCAP_head/Ses05F_script02_2/Ses05F_script02_2_M001.txt,Session5/sentences/wav/Ses05F_script02_2/Ses05F_script02_2_M001.wav,Session5/sentences/MOCAP_rotated/Ses05F_script02_2/Ses05F_script02_2_M001.txt,fru,"[3.5000, 3.5000, 3.0000]"
Session5/sentences/MOCAP_head/Ses05F_script02_2/Ses05F_script02_2_M002.txt,Session5/sentences/wav/Ses05F_script02_2/Ses05F_script02_2_M002.wav,Session5/sentences/MOCAP_rotated/Ses05F_script02_2/Ses05F_script02_2_M002.txt,neu,"[3.0000, 3.5000, 3.0000]"
Session5/sentences/MOCAP_head/Ses05F_script02_2/Ses05F_script02_2_M003.txt,Session5/sentences/wav/Ses05F_script02_2/Ses05F_script02_2_M003.wav,Session5/sentences/MOCAP_rotated/Ses05F_script02_2/Ses05F_script02_2_M003.txt,neu,"[2.5000, 4.0000, 3.0000]"
Session5/sentences/MOCAP_head/Ses05F_script02_2/Ses05F_script02_2_M004.txt,Session5/sentences/wav/Ses05F_script02_2/Ses05F_script02_2_M004.wav,Session5/sentences/MOCAP_rotated/Ses05F_script02_2/Ses05F_script02_2_M004.txt,xxx,"[3.0000, 3.0000, 2.0000]"
Session5/sentences/MOCAP_head/Ses05F_script02_2/Ses05F_script02_2_M005.txt,Session5/sentences/wav/Ses05F_script02_2/Ses05F_script02_2_M005.wav,Session5/sentences/MOCAP_rotated/Ses05F_script02_2/Ses05F_script02_2_M005.txt,neu,"[3.0000, 3.0000, 3.5000]"
Session5/sentences/MOCAP_head/Ses05F_script02_2/Ses05F_script02_2_M006.txt,Session5/sentences/wav/Ses05F_script02_2/Ses05F_script02_2_M006.wav,Session5/sentences/MOCAP_rotated/Ses05F_script02_2/Ses05F_script02_2_M006.txt,fru,"[2.5000, 3.5000, 3.0000]"
Session5/sentences/MOCAP_head/Ses05F_script02_2/Ses05F_script02_2_M007.txt,Session5/sentences/wav/Ses05F_script02_2/Ses05F_script02_2_M007.wav,Session5/sentences/MOCAP_rotated/Ses05F_script02_2/Ses05F_script02_2_M007.txt,fru,"[3.0000, 4.0000, 4.0000]"
Session5/sentences/MOCAP_head/Ses05F_script02_2/Ses05F_script02_2_M008.txt,Session5/sentences/wav/Ses05F_script02_2/Ses05F_script02_2_M008.wav,Session5/sentences/MOCAP_rotated/Ses05F_script02_2/Ses05F_script02_2_M008.txt,fru,"[2.0000, 2.5000, 2.5000]"
Session5/sentences/MOCAP_head/Ses05F_script02_2/Ses05F_script02_2_M009.txt,Session5/sentences/wav/Ses05F_script02_2/Ses05F_script02_2_M009.wav,Session5/sentences/MOCAP_rotated/Ses05F_script02_2/Ses05F_script02_2_M009.txt,fru,"[2.0000, 3.5000, 3.0000]"
Session5/sentences/MOCAP_head/Ses05F_script02_2/Ses05F_script02_2_M010.txt,Session5/sentences/wav/Ses05F_script02_2/Ses05F_script02_2_M010.wav,Session5/sentences/MOCAP_rotated/Ses05F_script02_2/Ses05F_script02_2_M010.txt,neu,"[3.0000, 3.5000, 3.0000]"
Session5/sentences/MOCAP_head/Ses05F_script02_2/Ses05F_script02_2_M011.txt,Session5/sentences/wav/Ses05F_script02_2/Ses05F_script02_2_M011.wav,Session5/sentences/MOCAP_rotated/Ses05F_script02_2/Ses05F_script02_2_M011.txt,fru,"[2.0000, 3.5000, 4.0000]"
Session5/sentences/MOCAP_head/Ses05F_script02_2/Ses05F_script02_2_M012.txt,Session5/sentences/wav/Ses05F_script02_2/Ses05F_script02_2_M012.wav,Session5/sentences/MOCAP_rotated/Ses05F_script02_2/Ses05F_script02_2_M012.txt,fru,"[2.0000, 3.5000, 3.0000]"
Session5/sentences/MOCAP_head/Ses05F_script02_2/Ses05F_script02_2_M013.txt,Session5/sentences/wav/Ses05F_script02_2/Ses05F_script02_2_M013.wav,Session5/sentences/MOCAP_rotated/Ses05F_script02_2/Ses05F_script02_2_M013.txt,fru,"[3.0000, 3.5000, 3.0000]"
Session5/sentences/MOCAP_head/Ses05F_script02_2/Ses05F_script02_2_M014.txt,Session5/sentences/wav/Ses05F_script02_2/Ses05F_script02_2_M014.wav,Session5/sentences/MOCAP_rotated/Ses05F_script02_2/Ses05F_script02_2_M014.txt,xxx,"[2.5000, 4.0000, 3.5000]"
Session5/sentences/MOCAP_head/Ses05F_script02_2/Ses05F_script02_2_M015.txt,Session5/sentences/wav/Ses05F_script02_2/Ses05F_script02_2_M015.wav,Session5/sentences/MOCAP_rotated/Ses05F_script02_2/Ses05F_script02_2_M015.txt,xxx,"[2.5000, 4.0000, 3.5000]"
Session5/sentences/MOCAP_head/Ses05F_script02_2/Ses05F_script02_2_M016.txt,Session5/sentences/wav/Ses05F_script02_2/Ses05F_script02_2_M016.wav,Session5/sentences/MOCAP_rotated/Ses05F_script02_2/Ses05F_script02_2_M016.txt,neu,"[4.0000, 3.5000, 2.5000]"
Session5/sentences/MOCAP_head/Ses05F_script02_2/Ses05F_script02_2_M017.txt,Session5/sentences/wav/Ses05F_script02_2/Ses05F_script02_2_M017.wav,Session5/sentences/MOCAP_rotated/Ses05F_script02_2/Ses05F_script02_2_M017.txt,xxx,"[3.5000, 4.0000, 3.5000]"
Session5/sentences/MOCAP_head/Ses05F_script02_2/Ses05F_script02_2_M018.txt,Session5/sentences/wav/Ses05F_script02_2/Ses05F_script02_2_M018.wav,Session5/sentences/MOCAP_rotated/Ses05F_script02_2/Ses05F_script02_2_M018.txt,exc,"[3.5000, 4.0000, 3.0000]"
Session5/sentences/MOCAP_head/Ses05F_script02_2/Ses05F_script02_2_M019.txt,Session5/sentences/wav/Ses05F_script02_2/Ses05F_script02_2_M019.wav,Session5/sentences/MOCAP_rotated/Ses05F_script02_2/Ses05F_script02_2_M019.txt,exc,"[3.5000, 3.5000, 3.0000]"
Session5/sentences/MOCAP_head/Ses05F_script02_2/Ses05F_script02_2_M020.txt,Session5/sentences/wav/Ses05F_script02_2/Ses05F_script02_2_M020.wav,Session5/sentences/MOCAP_rotated/Ses05F_script02_2/Ses05F_script02_2_M020.txt,exc,"[3.5000, 3.5000, 3.0000]"
Session5/sentences/MOCAP_head/Ses05F_script02_2/Ses05F_script02_2_M021.txt,Session5/sentences/wav/Ses05F_script02_2/Ses05F_script02_2_M021.wav,Session5/sentences/MOCAP_rotated/Ses05F_script02_2/Ses05F_script02_2_M021.txt,xxx,"[3.0000, 3.0000, 3.0000]"
Session5/sentences/MOCAP_head/Ses05F_script02_2/Ses05F_script02_2_M022.txt,Session5/sentences/wav/Ses05F_script02_2/Ses05F_script02_2_M022.wav,Session5/sentences/MOCAP_rotated/Ses05F_script02_2/Ses05F_script02_2_M022.txt,fru,"[3.0000, 3.5000, 3.0000]"
Session5/sentences/MOCAP_head/Ses05F_script02_2/Ses05F_script02_2_M023.txt,Session5/sentences/wav/Ses05F_script02_2/Ses05F_script02_2_M023.wav,Session5/sentences/MOCAP_rotated/Ses05F_script02_2/Ses05F_script02_2_M023.txt,fru,"[2.0000, 3.5000, 3.5000]"
Session5/sentences/MOCAP_head/Ses05F_script02_2/Ses05F_script02_2_M024.txt,Session5/sentences/wav/Ses05F_script02_2/Ses05F_script02_2_M024.wav,Session5/sentences/MOCAP_rotated/Ses05F_script02_2/Ses05F_script02_2_M024.txt,fru,"[2.0000, 4.5000, 4.5000]"
Session5/sentences/MOCAP_head/Ses05F_script02_2/Ses05F_script02_2_M025.txt,Session5/sentences/wav/Ses05F_script02_2/Ses05F_script02_2_M025.wav,Session5/sentences/MOCAP_rotated/Ses05F_script02_2/Ses05F_script02_2_M025.txt,ang,"[2.0000, 4.5000, 4.5000]"
Session5/sentences/MOCAP_head/Ses05F_script02_2/Ses05F_script02_2_M026.txt,Session5/sentences/wav/Ses05F_script02_2/Ses05F_script02_2_M026.wav,Session5/sentences/MOCAP_rotated/Ses05F_script02_2/Ses05F_script02_2_M026.txt,xxx,"[1.5000, 4.5000, 5.0000]"
Session5/sentences/MOCAP_head/Ses05F_script02_2/Ses05F_script02_2_M027.txt,Session5/sentences/wav/Ses05F_script02_2/Ses05F_script02_2_M027.wav,Session5/sentences/MOCAP_rotated/Ses05F_script02_2/Ses05F_script02_2_M027.txt,fru,"[1.5000, 4.0000, 5.0000]"
Session5/sentences/MOCAP_head/Ses05F_script02_2/Ses05F_script02_2_M028.txt,Session5/sentences/wav/Ses05F_script02_2/Ses05F_script02_2_M028.wav,Session5/sentences/MOCAP_rotated/Ses05F_script02_2/Ses05F_script02_2_M028.txt,xxx,"[2.0000, 4.5000, 5.0000]"
Session5/sentences/MOCAP_head/Ses05F_script02_2/Ses05F_script02_2_M029.txt,Session5/sentences/wav/Ses05F_script02_2/Ses05F_script02_2_M029.wav,Session5/sentences/MOCAP_rotated/Ses05F_script02_2/Ses05F_script02_2_M029.txt,xxx,"[3.0000, 3.0000, 3.0000]"
Session5/sentences/MOCAP_head/Ses05F_script02_2/Ses05F_script02_2_M030.txt,Session5/sentences/wav/Ses05F_script02_2/Ses05F_script02_2_M030.wav,Session5/sentences/MOCAP_rotated/Ses05F_script02_2/Ses05F_script02_2_M030.txt,xxx,"[3.0000, 2.5000, 3.0000]"
Session5/sentences/MOCAP_head/Ses05F_script02_2/Ses05F_script02_2_M031.txt,Session5/sentences/wav/Ses05F_script02_2/Ses05F_script02_2_M031.wav,Session5/sentences/MOCAP_rotated/Ses05F_script02_2/Ses05F_script02_2_M031.txt,sad,"[2.5000, 2.5000, 2.5000]"
Session5/sentences/MOCAP_head/Ses05F_script02_2/Ses05F_script02_2_M032.txt,Session5/sentences/wav/Ses05F_script02_2/Ses05F_script02_2_M032.wav,Session5/sentences/MOCAP_rotated/Ses05F_script02_2/Ses05F_script02_2_M032.txt,sad,"[2.0000, 2.5000, 3.0000]"
Session5/sentences/MOCAP_head/Ses05F_script02_2/Ses05F_script02_2_M033.txt,Session5/sentences/wav/Ses05F_script02_2/Ses05F_script02_2_M033.wav,Session5/sentences/MOCAP_rotated/Ses05F_script02_2/Ses05F_script02_2_M033.txt,sad,"[1.5000, 2.5000, 2.5000]"
Session5/sentences/MOCAP_head/Ses05F_script02_2/Ses05F_script02_2_M034.txt,Session5/sentences/wav/Ses05F_script02_2/Ses05F_script02_2_M034.wav,Session5/sentences/MOCAP_rotated/Ses05F_script02_2/Ses05F_script02_2_M034.txt,xxx,"[3.5000, 3.0000, 2.5000]"
Session5/sentences/MOCAP_head/Ses05F_script02_2/Ses05F_script02_2_M035.txt,Session5/sentences/wav/Ses05F_script02_2/Ses05F_script02_2_M035.wav,Session5/sentences/MOCAP_rotated/Ses05F_script02_2/Ses05F_script02_2_M035.txt,hap,"[4.0000, 2.5000, 3.0000]"
Session5/sentences/MOCAP_head/Ses05F_script02_2/Ses05F_script02_2_M036.txt,Session5/sentences/wav/Ses05F_script02_2/Ses05F_script02_2_M036.wav,Session5/sentences/MOCAP_rotated/Ses05F_script02_2/Ses05F_script02_2_M036.txt,hap,"[4.0000, 3.5000, 3.0000]"
Session5/sentences/MOCAP_head/Ses05F_script02_2/Ses05F_script02_2_M037.txt,Session5/sentences/wav/Ses05F_script02_2/Ses05F_script02_2_M037.wav,Session5/sentences/MOCAP_rotated/Ses05F_script02_2/Ses05F_script02_2_M037.txt,hap,"[4.0000, 3.5000, 3.0000]"
Session5/sentences/MOCAP_head/Ses05F_script02_2/Ses05F_script02_2_M038.txt,Session5/sentences/wav/Ses05F_script02_2/Ses05F_script02_2_M038.wav,Session5/sentences/MOCAP_rotated/Ses05F_script02_2/Ses05F_script02_2_M038.txt,xxx,"[4.0000, 3.0000, 3.0000]"
Session5/sentences/MOCAP_head/Ses05F_script02_2/Ses05F_script02_2_M039.txt,Session5/sentences/wav/Ses05F_script02_2/Ses05F_script02_2_M039.wav,Session5/sentences/MOCAP_rotated/Ses05F_script02_2/Ses05F_script02_2_M039.txt,xxx,"[4.0000, 3.0000, 2.0000]"
Session5/sentences/MOCAP_head/Ses05F_script02_2/Ses05F_script02_2_M040.txt,Session5/sentences/wav/Ses05F_script02_2/Ses05F_script02_2_M040.wav,Session5/sentences/MOCAP_rotated/Ses05F_script02_2/Ses05F_script02_2_M040.txt,hap,"[4.0000, 3.0000, 2.5000]"
Session5/sentences/MOCAP_head/Ses05F_script02_2/Ses05F_script02_2_M041.txt,Session5/sentences/wav/Ses05F_script02_2/Ses05F_script02_2_M041.wav,Session5/sentences/MOCAP_rotated/Ses05F_script02_2/Ses05F_script02_2_M041.txt,hap,"[3.5000, 2.0000, 2.5000]"
Session5/sentences/MOCAP_head/Ses05F_script03_1/Ses05F_script03_1_M000.txt,Session5/sentences/wav/Ses05F_script03_1/Ses05F_script03_1_M000.wav,Session5/sentences/MOCAP_rotated/Ses05F_script03_1/Ses05F_script03_1_M000.txt,exc,"[3.0000, 3.5000, 3.5000]"
Session5/sentences/MOCAP_head/Ses05F_script03_1/Ses05F_script03_1_M001.txt,Session5/sentences/wav/Ses05F_script03_1/Ses05F_script03_1_M001.wav,Session5/sentences/MOCAP_rotated/Ses05F_script03_1/Ses05F_script03_1_M001.txt,exc,"[4.0000, 3.5000, 3.5000]"
Session5/sentences/MOCAP_head/Ses05F_script03_1/Ses05F_script03_1_M002.txt,Session5/sentences/wav/Ses05F_script03_1/Ses05F_script03_1_M002.wav,Session5/sentences/MOCAP_rotated/Ses05F_script03_1/Ses05F_script03_1_M002.txt,xxx,"[3.5000, 3.5000, 3.5000]"
Session5/sentences/MOCAP_head/Ses05F_script03_1/Ses05F_script03_1_M003.txt,Session5/sentences/wav/Ses05F_script03_1/Ses05F_script03_1_M003.wav,Session5/sentences/MOCAP_rotated/Ses05F_script03_1/Ses05F_script03_1_M003.txt,xxx,"[2.5000, 3.5000, 3.5000]"
Session5/sentences/MOCAP_head/Ses05F_script03_1/Ses05F_script03_1_M004.txt,Session5/sentences/wav/Ses05F_script03_1/Ses05F_script03_1_M004.wav,Session5/sentences/MOCAP_rotated/Ses05F_script03_1/Ses05F_script03_1_M004.txt,xxx,"[3.5000, 3.5000, 3.0000]"
Session5/sentences/MOCAP_head/Ses05F_script03_1/Ses05F_script03_1_M005.txt,Session5/sentences/wav/Ses05F_script03_1/Ses05F_script03_1_M005.wav,Session5/sentences/MOCAP_rotated/Ses05F_script03_1/Ses05F_script03_1_M005.txt,exc,"[3.0000, 4.0000, 3.5000]"
Session5/sentences/MOCAP_head/Ses05F_script03_1/Ses05F_script03_1_M006.txt,Session5/sentences/wav/Ses05F_script03_1/Ses05F_script03_1_M006.wav,Session5/sentences/MOCAP_rotated/Ses05F_script03_1/Ses05F_script03_1_M006.txt,fea,"[3.5000, 4.0000, 3.0000]"
Session5/sentences/MOCAP_head/Ses05F_script03_1/Ses05F_script03_1_M007.txt,Session5/sentences/wav/Ses05F_script03_1/Ses05F_script03_1_M007.wav,Session5/sentences/MOCAP_rotated/Ses05F_script03_1/Ses05F_script03_1_M007.txt,exc,"[4.0000, 3.5000, 3.0000]"
Session5/sentences/MOCAP_head/Ses05F_script03_1/Ses05F_script03_1_M008.txt,Session5/sentences/wav/Ses05F_script03_1/Ses05F_script03_1_M008.wav,Session5/sentences/MOCAP_rotated/Ses05F_script03_1/Ses05F_script03_1_M008.txt,xxx,"[4.0000, 4.0000, 4.0000]"
Session5/sentences/MOCAP_head/Ses05F_script03_1/Ses05F_script03_1_M009.txt,Session5/sentences/wav/Ses05F_script03_1/Ses05F_script03_1_M009.wav,Session5/sentences/MOCAP_rotated/Ses05F_script03_1/Ses05F_script03_1_M009.txt,xxx,"[2.5000, 3.5000, 3.5000]"
Session5/sentences/MOCAP_head/Ses05F_script03_1/Ses05F_script03_1_M010.txt,Session5/sentences/wav/Ses05F_script03_1/Ses05F_script03_1_M010.wav,Session5/sentences/MOCAP_rotated/Ses05F_script03_1/Ses05F_script03_1_M010.txt,xxx,"[4.0000, 3.5000, 3.5000]"
Session5/sentences/MOCAP_head/Ses05F_script03_1/Ses05F_script03_1_M011.txt,Session5/sentences/wav/Ses05F_script03_1/Ses05F_script03_1_M011.wav,Session5/sentences/MOCAP_rotated/Ses05F_script03_1/Ses05F_script03_1_M011.txt,exc,"[3.0000, 4.5000, 4.5000]"
Session5/sentences/MOCAP_head/Ses05F_script03_1/Ses05F_script03_1_M012.txt,Session5/sentences/wav/Ses05F_script03_1/Ses05F_script03_1_M012.wav,Session5/sentences/MOCAP_rotated/Ses05F_script03_1/Ses05F_script03_1_M012.txt,xxx,"[4.0000, 3.5000, 3.5000]"
Session5/sentences/MOCAP_head/Ses05F_script03_1/Ses05F_script03_1_M013.txt,Session5/sentences/wav/Ses05F_script03_1/Ses05F_script03_1_M013.wav,Session5/sentences/MOCAP_rotated/Ses05F_script03_1/Ses05F_script03_1_M013.txt,exc,"[4.0000, 4.0000, 4.0000]"
Session5/sentences/MOCAP_head/Ses05F_script03_1/Ses05F_script03_1_M014.txt,Session5/sentences/wav/Ses05F_script03_1/Ses05F_script03_1_M014.wav,Session5/sentences/MOCAP_rotated/Ses05F_script03_1/Ses05F_script03_1_M014.txt,exc,"[3.5000, 3.5000, 3.0000]"
Session5/sentences/MOCAP_head/Ses05F_script03_1/Ses05F_script03_1_M015.txt,Session5/sentences/wav/Ses05F_script03_1/Ses05F_script03_1_M015.wav,Session5/sentences/MOCAP_rotated/Ses05F_script03_1/Ses05F_script03_1_M015.txt,exc,"[3.0000, 3.0000, 3.0000]"
Session5/sentences/MOCAP_head/Ses05F_script03_1/Ses05F_script03_1_M016.txt,Session5/sentences/wav/Ses05F_script03_1/Ses05F_script03_1_M016.wav,Session5/sentences/MOCAP_rotated/Ses05F_script03_1/Ses05F_script03_1_M016.txt,exc,"[3.0000, 3.5000, 3.5000]"
Session5/sentences/MOCAP_head/Ses05F_script03_1/Ses05F_script03_1_M017.txt,Session5/sentences/wav/Ses05F_script03_1/Ses05F_script03_1_M017.wav,Session5/sentences/MOCAP_rotated/Ses05F_script03_1/Ses05F_script03_1_M017.txt,exc,"[3.5000, 3.5000, 3.0000]"
Session5/sentences/MOCAP_head/Ses05F_script03_1/Ses05F_script03_1_M018.txt,Session5/sentences/wav/Ses05F_script03_1/Ses05F_script03_1_M018.wav,Session5/sentences/MOCAP_rotated/Ses05F_script03_1/Ses05F_script03_1_M018.txt,exc,"[3.5000, 3.5000, 3.5000]"
Session5/sentences/MOCAP_head/Ses05F_script03_1/Ses05F_script03_1_M019.txt,Session5/sentences/wav/Ses05F_script03_1/Ses05F_script03_1_M019.wav,Session5/sentences/MOCAP_rotated/Ses05F_script03_1/Ses05F_script03_1_M019.txt,exc,"[3.5000, 4.5000, 3.5000]"
Session5/sentences/MOCAP_head/Ses05F_script03_1/Ses05F_script03_1_M020.txt,Session5/sentences/wav/Ses05F_script03_1/Ses05F_script03_1_M020.wav,Session5/sentences/MOCAP_rotated/Ses05F_script03_1/Ses05F_script03_1_M020.txt,exc,"[3.5000, 4.0000, 4.0000]"
Session5/sentences/MOCAP_head/Ses05F_script03_1/Ses05F_script03_1_M021.txt,Session5/sentences/wav/Ses05F_script03_1/Ses05F_script03_1_M021.wav,Session5/sentences/MOCAP_rotated/Ses05F_script03_1/Ses05F_script03_1_M021.txt,exc,"[4.5000, 4.0000, 4.0000]"
Session5/sentences/MOCAP_head/Ses05F_script03_1/Ses05F_script03_1_M022.txt,Session5/sentences/wav/Ses05F_script03_1/Ses05F_script03_1_M022.wav,Session5/sentences/MOCAP_rotated/Ses05F_script03_1/Ses05F_script03_1_M022.txt,exc,"[4.0000, 3.5000, 4.5000]"
Session5/sentences/MOCAP_head/Ses05F_script03_1/Ses05F_script03_1_M023.txt,Session5/sentences/wav/Ses05F_script03_1/Ses05F_script03_1_M023.wav,Session5/sentences/MOCAP_rotated/Ses05F_script03_1/Ses05F_script03_1_M023.txt,xxx,"[4.5000, 4.0000, 4.0000]"
Session5/sentences/MOCAP_head/Ses05F_script03_1/Ses05F_script03_1_M024.txt,Session5/sentences/wav/Ses05F_script03_1/Ses05F_script03_1_M024.wav,Session5/sentences/MOCAP_rotated/Ses05F_script03_1/Ses05F_script03_1_M024.txt,exc,"[4.0000, 4.0000, 3.5000]"
Session5/sentences/MOCAP_head/Ses05F_script03_1/Ses05F_script03_1_M025.txt,Session5/sentences/wav/Ses05F_script03_1/Ses05F_script03_1_M025.wav,Session5/sentences/MOCAP_rotated/Ses05F_script03_1/Ses05F_script03_1_M025.txt,exc,"[3.0000, 3.5000, 3.0000]"
Session5/sentences/MOCAP_head/Ses05F_script03_1/Ses05F_script03_1_M026.txt,Session5/sentences/wav/Ses05F_script03_1/Ses05F_script03_1_M026.wav,Session5/sentences/MOCAP_rotated/Ses05F_script03_1/Ses05F_script03_1_M026.txt,exc,"[2.5000, 3.5000, 4.0000]"
Session5/sentences/MOCAP_head/Ses05F_script03_1/Ses05F_script03_1_M027.txt,Session5/sentences/wav/Ses05F_script03_1/Ses05F_script03_1_M027.wav,Session5/sentences/MOCAP_rotated/Ses05F_script03_1/Ses05F_script03_1_M027.txt,exc,"[4.5000, 3.5000, 3.0000]"
Session5/sentences/MOCAP_head/Ses05F_script03_1/Ses05F_script03_1_M028.txt,Session5/sentences/wav/Ses05F_script03_1/Ses05F_script03_1_M028.wav,Session5/sentences/MOCAP_rotated/Ses05F_script03_1/Ses05F_script03_1_M028.txt,exc,"[2.5000, 3.5000, 4.0000]"
Session5/sentences/MOCAP_head/Ses05F_script03_1/Ses05F_script03_1_M029.txt,Session5/sentences/wav/Ses05F_script03_1/Ses05F_script03_1_M029.wav,Session5/sentences/MOCAP_rotated/Ses05F_script03_1/Ses05F_script03_1_M029.txt,exc,"[4.5000, 3.5000, 3.0000]"
Session5/sentences/MOCAP_head/Ses05F_script03_1/Ses05F_script03_1_M030.txt,Session5/sentences/wav/Ses05F_script03_1/Ses05F_script03_1_M030.wav,Session5/sentences/MOCAP_rotated/Ses05F_script03_1/Ses05F_script03_1_M030.txt,neu,"[3.5000, 3.0000, 3.0000]"
Session5/sentences/MOCAP_head/Ses05F_script03_1/Ses05F_script03_1_M031.txt,Session5/sentences/wav/Ses05F_script03_1/Ses05F_script03_1_M031.wav,Session5/sentences/MOCAP_rotated/Ses05F_script03_1/Ses05F_script03_1_M031.txt,exc,"[4.5000, 4.0000, 4.0000]"
Session5/sentences/MOCAP_head/Ses05F_script03_1/Ses05F_script03_1_M032.txt,Session5/sentences/wav/Ses05F_script03_1/Ses05F_script03_1_M032.wav,Session5/sentences/MOCAP_rotated/Ses05F_script03_1/Ses05F_script03_1_M032.txt,exc,"[4.0000, 4.0000, 3.0000]"
Session5/sentences/MOCAP_head/Ses05F_script03_1/Ses05F_script03_1_M033.txt,Session5/sentences/wav/Ses05F_script03_1/Ses05F_script03_1_M033.wav,Session5/sentences/MOCAP_rotated/Ses05F_script03_1/Ses05F_script03_1_M033.txt,exc,"[2.5000, 4.0000, 3.5000]"
Session5/sentences/MOCAP_head/Ses05F_script03_2/Ses05F_script03_2_M000.txt,Session5/sentences/wav/Ses05F_script03_2/Ses05F_script03_2_M000.wav,Session5/sentences/MOCAP_rotated/Ses05F_script03_2/Ses05F_script03_2_M000.txt,xxx,"[2.5000, 3.5000, 4.0000]"
Session5/sentences/MOCAP_head/Ses05F_script03_2/Ses05F_script03_2_M001.txt,Session5/sentences/wav/Ses05F_script03_2/Ses05F_script03_2_M001.wav,Session5/sentences/MOCAP_rotated/Ses05F_script03_2/Ses05F_script03_2_M001.txt,xxx,"[2.5000, 3.5000, 3.5000]"
Session5/sentences/MOCAP_head/Ses05F_script03_2/Ses05F_script03_2_M002.txt,Session5/sentences/wav/Ses05F_script03_2/Ses05F_script03_2_M002.wav,Session5/sentences/MOCAP_rotated/Ses05F_script03_2/Ses05F_script03_2_M002.txt,xxx,"[2.0000, 3.5000, 4.0000]"
Session5/sentences/MOCAP_head/Ses05F_script03_2/Ses05F_script03_2_M003.txt,Session5/sentences/wav/Ses05F_script03_2/Ses05F_script03_2_M003.wav,Session5/sentences/MOCAP_rotated/Ses05F_script03_2/Ses05F_script03_2_M003.txt,xxx,"[2.0000, 3.0000, 3.5000]"
Session5/sentences/MOCAP_head/Ses05F_script03_2/Ses05F_script03_2_M004.txt,Session5/sentences/wav/Ses05F_script03_2/Ses05F_script03_2_M004.wav,Session5/sentences/MOCAP_rotated/Ses05F_script03_2/Ses05F_script03_2_M004.txt,ang,"[2.0000, 3.5000, 3.5000]"
Session5/sentences/MOCAP_head/Ses05F_script03_2/Ses05F_script03_2_M005.txt,Session5/sentences/wav/Ses05F_script03_2/Ses05F_script03_2_M005.wav,Session5/sentences/MOCAP_rotated/Ses05F_script03_2/Ses05F_script03_2_M005.txt,ang,"[2.0000, 3.5000, 3.5000]"
Session5/sentences/MOCAP_head/Ses05F_script03_2/Ses05F_script03_2_M006.txt,Session5/sentences/wav/Ses05F_script03_2/Ses05F_script03_2_M006.wav,Session5/sentences/MOCAP_rotated/Ses05F_script03_2/Ses05F_script03_2_M006.txt,fru,"[1.5000, 3.5000, 4.0000]"
Session5/sentences/MOCAP_head/Ses05F_script03_2/Ses05F_script03_2_M007.txt,Session5/sentences/wav/Ses05F_script03_2/Ses05F_script03_2_M007.wav,Session5/sentences/MOCAP_rotated/Ses05F_script03_2/Ses05F_script03_2_M007.txt,xxx,"[1.5000, 4.0000, 4.0000]"
Session5/sentences/MOCAP_head/Ses05F_script03_2/Ses05F_script03_2_M008.txt,Session5/sentences/wav/Ses05F_script03_2/Ses05F_script03_2_M008.wav,Session5/sentences/MOCAP_rotated/Ses05F_script03_2/Ses05F_script03_2_M008.txt,ang,"[1.5000, 3.0000, 4.5000]"
Session5/sentences/MOCAP_head/Ses05F_script03_2/Ses05F_script03_2_M009.txt,Session5/sentences/wav/Ses05F_script03_2/Ses05F_script03_2_M009.wav,Session5/sentences/MOCAP_rotated/Ses05F_script03_2/Ses05F_script03_2_M009.txt,neu,"[2.5000, 3.0000, 3.0000]"
Session5/sentences/MOCAP_head/Ses05F_script03_2/Ses05F_script03_2_M010.txt,Session5/sentences/wav/Ses05F_script03_2/Ses05F_script03_2_M010.wav,Session5/sentences/MOCAP_rotated/Ses05F_script03_2/Ses05F_script03_2_M010.txt,neu,"[3.0000, 3.5000, 3.0000]"
Session5/sentences/MOCAP_head/Ses05F_script03_2/Ses05F_script03_2_M011.txt,Session5/sentences/wav/Ses05F_script03_2/Ses05F_script03_2_M011.wav,Session5/sentences/MOCAP_rotated/Ses05F_script03_2/Ses05F_script03_2_M011.txt,xxx,"[3.0000, 2.5000, 3.5000]"
Session5/sentences/MOCAP_head/Ses05F_script03_2/Ses05F_script03_2_M012.txt,Session5/sentences/wav/Ses05F_script03_2/Ses05F_script03_2_M012.wav,Session5/sentences/MOCAP_rotated/Ses05F_script03_2/Ses05F_script03_2_M012.txt,xxx,"[2.0000, 3.0000, 4.5000]"
Session5/sentences/MOCAP_head/Ses05F_script03_2/Ses05F_script03_2_M013.txt,Session5/sentences/wav/Ses05F_script03_2/Ses05F_script03_2_M013.wav,Session5/sentences/MOCAP_rotated/Ses05F_script03_2/Ses05F_script03_2_M013.txt,ang,"[2.0000, 4.0000, 4.5000]"
Session5/sentences/MOCAP_head/Ses05F_script03_2/Ses05F_script03_2_M014.txt,Session5/sentences/wav/Ses05F_script03_2/Ses05F_script03_2_M014.wav,Session5/sentences/MOCAP_rotated/Ses05F_script03_2/Ses05F_script03_2_M014.txt,ang,"[2.0000, 3.5000, 4.5000]"
Session5/sentences/MOCAP_head/Ses05F_script03_2/Ses05F_script03_2_M015.txt,Session5/sentences/wav/Ses05F_script03_2/Ses05F_script03_2_M015.wav,Session5/sentences/MOCAP_rotated/Ses05F_script03_2/Ses05F_script03_2_M015.txt,xxx,"[3.0000, 3.5000, 3.0000]"
Session5/sentences/MOCAP_head/Ses05F_script03_2/Ses05F_script03_2_M016.txt,Session5/sentences/wav/Ses05F_script03_2/Ses05F_script03_2_M016.wav,Session5/sentences/MOCAP_rotated/Ses05F_script03_2/Ses05F_script03_2_M016.txt,ang,"[2.5000, 3.5000, 3.5000]"
Session5/sentences/MOCAP_head/Ses05F_script03_2/Ses05F_script03_2_M017.txt,Session5/sentences/wav/Ses05F_script03_2/Ses05F_script03_2_M017.wav,Session5/sentences/MOCAP_rotated/Ses05F_script03_2/Ses05F_script03_2_M017.txt,xxx,"[3.5000, 3.5000, 3.5000]"
Session5/sentences/MOCAP_head/Ses05F_script03_2/Ses05F_script03_2_M018.txt,Session5/sentences/wav/Ses05F_script03_2/Ses05F_script03_2_M018.wav,Session5/sentences/MOCAP_rotated/Ses05F_script03_2/Ses05F_script03_2_M018.txt,fru,"[4.0000, 3.0000, 3.5000]"
Session5/sentences/MOCAP_head/Ses05F_script03_2/Ses05F_script03_2_M019.txt,Session5/sentences/wav/Ses05F_script03_2/Ses05F_script03_2_M019.wav,Session5/sentences/MOCAP_rotated/Ses05F_script03_2/Ses05F_script03_2_M019.txt,ang,"[2.0000, 3.5000, 4.5000]"
Session5/sentences/MOCAP_head/Ses05F_script03_2/Ses05F_script03_2_M020.txt,Session5/sentences/wav/Ses05F_script03_2/Ses05F_script03_2_M020.wav,Session5/sentences/MOCAP_rotated/Ses05F_script03_2/Ses05F_script03_2_M020.txt,xxx,"[2.0000, 3.5000, 4.0000]"
Session5/sentences/MOCAP_head/Ses05F_script03_2/Ses05F_script03_2_M021.txt,Session5/sentences/wav/Ses05F_script03_2/Ses05F_script03_2_M021.wav,Session5/sentences/MOCAP_rotated/Ses05F_script03_2/Ses05F_script03_2_M021.txt,xxx,"[2.0000, 3.5000, 4.5000]"
Session5/sentences/MOCAP_head/Ses05F_script03_2/Ses05F_script03_2_M022.txt,Session5/sentences/wav/Ses05F_script03_2/Ses05F_script03_2_M022.wav,Session5/sentences/MOCAP_rotated/Ses05F_script03_2/Ses05F_script03_2_M022.txt,ang,"[1.5000, 3.0000, 5.0000]"
Session5/sentences/MOCAP_head/Ses05F_script03_2/Ses05F_script03_2_M023.txt,Session5/sentences/wav/Ses05F_script03_2/Ses05F_script03_2_M023.wav,Session5/sentences/MOCAP_rotated/Ses05F_script03_2/Ses05F_script03_2_M023.txt,fru,"[2.5000, 3.0000, 3.0000]"
Session5/sentences/MOCAP_head/Ses05F_script03_2/Ses05F_script03_2_M024.txt,Session5/sentences/wav/Ses05F_script03_2/Ses05F_script03_2_M024.wav,Session5/sentences/MOCAP_rotated/Ses05F_script03_2/Ses05F_script03_2_M024.txt,ang,"[1.5000, 3.5000, 4.0000]"
Session5/sentences/MOCAP_head/Ses05F_script03_2/Ses05F_script03_2_M025.txt,Session5/sentences/wav/Ses05F_script03_2/Ses05F_script03_2_M025.wav,Session5/sentences/MOCAP_rotated/Ses05F_script03_2/Ses05F_script03_2_M025.txt,ang,"[2.0000, 3.5000, 4.0000]"
Session5/sentences/MOCAP_head/Ses05F_script03_2/Ses05F_script03_2_M026.txt,Session5/sentences/wav/Ses05F_script03_2/Ses05F_script03_2_M026.wav,Session5/sentences/MOCAP_rotated/Ses05F_script03_2/Ses05F_script03_2_M026.txt,ang,"[2.0000, 4.5000, 4.5000]"
Session5/sentences/MOCAP_head/Ses05F_script03_2/Ses05F_script03_2_M027.txt,Session5/sentences/wav/Ses05F_script03_2/Ses05F_script03_2_M027.wav,Session5/sentences/MOCAP_rotated/Ses05F_script03_2/Ses05F_script03_2_M027.txt,xxx,"[2.0000, 3.5000, 3.5000]"
Session5/sentences/MOCAP_head/Ses05F_script03_2/Ses05F_script03_2_M028.txt,Session5/sentences/wav/Ses05F_script03_2/Ses05F_script03_2_M028.wav,Session5/sentences/MOCAP_rotated/Ses05F_script03_2/Ses05F_script03_2_M028.txt,xxx,"[2.0000, 4.5000, 4.5000]"
Session5/sentences/MOCAP_head/Ses05F_script03_2/Ses05F_script03_2_M029.txt,Session5/sentences/wav/Ses05F_script03_2/Ses05F_script03_2_M029.wav,Session5/sentences/MOCAP_rotated/Ses05F_script03_2/Ses05F_script03_2_M029.txt,xxx,"[1.5000, 4.0000, 4.5000]"
Session5/sentences/MOCAP_head/Ses05F_script03_2/Ses05F_script03_2_M030.txt,Session5/sentences/wav/Ses05F_script03_2/Ses05F_script03_2_M030.wav,Session5/sentences/MOCAP_rotated/Ses05F_script03_2/Ses05F_script03_2_M030.txt,fru,"[2.0000, 5.0000, 4.5000]"
Session5/sentences/MOCAP_head/Ses05F_script03_2/Ses05F_script03_2_M031.txt,Session5/sentences/wav/Ses05F_script03_2/Ses05F_script03_2_M031.wav,Session5/sentences/MOCAP_rotated/Ses05F_script03_2/Ses05F_script03_2_M031.txt,xxx,"[1.5000, 3.5000, 4.5000]"
Session5/sentences/MOCAP_head/Ses05F_script03_2/Ses05F_script03_2_M032.txt,Session5/sentences/wav/Ses05F_script03_2/Ses05F_script03_2_M032.wav,Session5/sentences/MOCAP_rotated/Ses05F_script03_2/Ses05F_script03_2_M032.txt,fru,"[2.0000, 3.0000, 4.5000]"
Session5/sentences/MOCAP_head/Ses05F_script03_2/Ses05F_script03_2_M033.txt,Session5/sentences/wav/Ses05F_script03_2/Ses05F_script03_2_M033.wav,Session5/sentences/MOCAP_rotated/Ses05F_script03_2/Ses05F_script03_2_M033.txt,xxx,"[2.5000, 3.0000, 3.5000]"
Session5/sentences/MOCAP_head/Ses05F_script03_2/Ses05F_script03_2_M034.txt,Session5/sentences/wav/Ses05F_script03_2/Ses05F_script03_2_M034.wav,Session5/sentences/MOCAP_rotated/Ses05F_script03_2/Ses05F_script03_2_M034.txt,xxx,"[3.0000, 3.0000, 3.5000]"
Session5/sentences/MOCAP_head/Ses05F_script03_2/Ses05F_script03_2_M035.txt,Session5/sentences/wav/Ses05F_script03_2/Ses05F_script03_2_M035.wav,Session5/sentences/MOCAP_rotated/Ses05F_script03_2/Ses05F_script03_2_M035.txt,xxx,"[2.0000, 3.5000, 4.0000]"
Session5/sentences/MOCAP_head/Ses05F_script03_2/Ses05F_script03_2_M036.txt,Session5/sentences/wav/Ses05F_script03_2/Ses05F_script03_2_M036.wav,Session5/sentences/MOCAP_rotated/Ses05F_script03_2/Ses05F_script03_2_M036.txt,xxx,"[2.0000, 2.5000, 3.5000]"
Session5/sentences/MOCAP_head/Ses05F_script03_2/Ses05F_script03_2_M037.txt,Session5/sentences/wav/Ses05F_script03_2/Ses05F_script03_2_M037.wav,Session5/sentences/MOCAP_rotated/Ses05F_script03_2/Ses05F_script03_2_M037.txt,ang,"[1.5000, 4.0000, 4.5000]"
Session5/sentences/MOCAP_head/Ses05F_script03_2/Ses05F_script03_2_M038.txt,Session5/sentences/wav/Ses05F_script03_2/Ses05F_script03_2_M038.wav,Session5/sentences/MOCAP_rotated/Ses05F_script03_2/Ses05F_script03_2_M038.txt,ang,"[1.5000, 4.0000, 4.5000]"
Session5/sentences/MOCAP_head/Ses05F_script03_2/Ses05F_script03_2_M039.txt,Session5/sentences/wav/Ses05F_script03_2/Ses05F_script03_2_M039.wav,Session5/sentences/MOCAP_rotated/Ses05F_script03_2/Ses05F_script03_2_M039.txt,ang,"[2.0000, 3.5000, 4.0000]"
Session5/sentences/MOCAP_head/Ses05F_script03_2/Ses05F_script03_2_M040.txt,Session5/sentences/wav/Ses05F_script03_2/Ses05F_script03_2_M040.wav,Session5/sentences/MOCAP_rotated/Ses05F_script03_2/Ses05F_script03_2_M040.txt,ang,"[1.5000, 4.5000, 4.0000]"
Session5/sentences/MOCAP_head/Ses05F_script03_2/Ses05F_script03_2_M041.txt,Session5/sentences/wav/Ses05F_script03_2/Ses05F_script03_2_M041.wav,Session5/sentences/MOCAP_rotated/Ses05F_script03_2/Ses05F_script03_2_M041.txt,ang,"[2.5000, 4.0000, 4.0000]"
Session5/sentences/MOCAP_head/Ses05F_script03_2/Ses05F_script03_2_M042.txt,Session5/sentences/wav/Ses05F_script03_2/Ses05F_script03_2_M042.wav,Session5/sentences/MOCAP_rotated/Ses05F_script03_2/Ses05F_script03_2_M042.txt,ang,"[2.0000, 4.0000, 4.5000]"
Session5/sentences/MOCAP_head/Ses05F_script03_2/Ses05F_script03_2_M043.txt,Session5/sentences/wav/Ses05F_script03_2/Ses05F_script03_2_M043.wav,Session5/sentences/MOCAP_rotated/Ses05F_script03_2/Ses05F_script03_2_M043.txt,ang,"[1.0000, 4.5000, 5.0000]"
Session5/sentences/MOCAP_head/Ses05M_impro01/Ses05M_impro01_F000.txt,Session5/sentences/wav/Ses05M_impro01/Ses05M_impro01_F000.wav,Session5/sentences/MOCAP_rotated/Ses05M_impro01/Ses05M_impro01_F000.txt,neu,"[3.0000, 2.5000, 2.5000]"
Session5/sentences/MOCAP_head/Ses05M_impro01/Ses05M_impro01_F001.txt,Session5/sentences/wav/Ses05M_impro01/Ses05M_impro01_F001.wav,Session5/sentences/MOCAP_rotated/Ses05M_impro01/Ses05M_impro01_F001.txt,neu,"[3.0000, 2.5000, 3.0000]"
Session5/sentences/MOCAP_head/Ses05M_impro01/Ses05M_impro01_F002.txt,Session5/sentences/wav/Ses05M_impro01/Ses05M_impro01_F002.wav,Session5/sentences/MOCAP_rotated/Ses05M_impro01/Ses05M_impro01_F002.txt,neu,"[3.0000, 3.0000, 3.0000]"
Session5/sentences/MOCAP_head/Ses05M_impro01/Ses05M_impro01_F003.txt,Session5/sentences/wav/Ses05M_impro01/Ses05M_impro01_F003.wav,Session5/sentences/MOCAP_rotated/Ses05M_impro01/Ses05M_impro01_F003.txt,neu,"[3.0000, 2.5000, 3.0000]"
Session5/sentences/MOCAP_head/Ses05M_impro01/Ses05M_impro01_F004.txt,Session5/sentences/wav/Ses05M_impro01/Ses05M_impro01_F004.wav,Session5/sentences/MOCAP_rotated/Ses05M_impro01/Ses05M_impro01_F004.txt,neu,"[3.0000, 3.0000, 3.0000]"
Session5/sentences/MOCAP_head/Ses05M_impro01/Ses05M_impro01_F005.txt,Session5/sentences/wav/Ses05M_impro01/Ses05M_impro01_F005.wav,Session5/sentences/MOCAP_rotated/Ses05M_impro01/Ses05M_impro01_F005.txt,fru,"[2.5000, 2.5000, 3.5000]"
Session5/sentences/MOCAP_head/Ses05M_impro01/Ses05M_impro01_F006.txt,Session5/sentences/wav/Ses05M_impro01/Ses05M_impro01_F006.wav,Session5/sentences/MOCAP_rotated/Ses05M_impro01/Ses05M_impro01_F006.txt,neu,"[2.5000, 3.5000, 4.0000]"
Session5/sentences/MOCAP_head/Ses05M_impro01/Ses05M_impro01_F007.txt,Session5/sentences/wav/Ses05M_impro01/Ses05M_impro01_F007.wav,Session5/sentences/MOCAP_rotated/Ses05M_impro01/Ses05M_impro01_F007.txt,fru,"[2.0000, 3.0000, 3.0000]"
Session5/sentences/MOCAP_head/Ses05M_impro01/Ses05M_impro01_F008.txt,Session5/sentences/wav/Ses05M_impro01/Ses05M_impro01_F008.wav,Session5/sentences/MOCAP_rotated/Ses05M_impro01/Ses05M_impro01_F008.txt,fru,"[2.5000, 3.0000, 3.5000]"
Session5/sentences/MOCAP_head/Ses05M_impro01/Ses05M_impro01_F009.txt,Session5/sentences/wav/Ses05M_impro01/Ses05M_impro01_F009.wav,Session5/sentences/MOCAP_rotated/Ses05M_impro01/Ses05M_impro01_F009.txt,neu,"[2.5000, 3.0000, 2.5000]"
Session5/sentences/MOCAP_head/Ses05M_impro01/Ses05M_impro01_F010.txt,Session5/sentences/wav/Ses05M_impro01/Ses05M_impro01_F010.wav,Session5/sentences/MOCAP_rotated/Ses05M_impro01/Ses05M_impro01_F010.txt,fru,"[3.0000, 2.0000, 2.5000]"
Session5/sentences/MOCAP_head/Ses05M_impro01/Ses05M_impro01_F011.txt,Session5/sentences/wav/Ses05M_impro01/Ses05M_impro01_F011.wav,Session5/sentences/MOCAP_rotated/Ses05M_impro01/Ses05M_impro01_F011.txt,fru,"[2.5000, 3.5000, 3.5000]"
Session5/sentences/MOCAP_head/Ses05M_impro01/Ses05M_impro01_F012.txt,Session5/sentences/wav/Ses05M_impro01/Ses05M_impro01_F012.wav,Session5/sentences/MOCAP_rotated/Ses05M_impro01/Ses05M_impro01_F012.txt,neu,"[2.5000, 3.0000, 3.0000]"
Session5/sentences/MOCAP_head/Ses05M_impro01/Ses05M_impro01_F013.txt,Session5/sentences/wav/Ses05M_impro01/Ses05M_impro01_F013.wav,Session5/sentences/MOCAP_rotated/Ses05M_impro01/Ses05M_impro01_F013.txt,fru,"[1.5000, 3.5000, 3.5000]"
Session5/sentences/MOCAP_head/Ses05M_impro01/Ses05M_impro01_F014.txt,Session5/sentences/wav/Ses05M_impro01/Ses05M_impro01_F014.wav,Session5/sentences/MOCAP_rotated/Ses05M_impro01/Ses05M_impro01_F014.txt,fru,"[1.5000, 2.5000, 3.0000]"
Session5/sentences/MOCAP_head/Ses05M_impro01/Ses05M_impro01_F015.txt,Session5/sentences/wav/Ses05M_impro01/Ses05M_impro01_F015.wav,Session5/sentences/MOCAP_rotated/Ses05M_impro01/Ses05M_impro01_F015.txt,fru,"[2.5000, 3.0000, 3.5000]"
Session5/sentences/MOCAP_head/Ses05M_impro01/Ses05M_impro01_F016.txt,Session5/sentences/wav/Ses05M_impro01/Ses05M_impro01_F016.wav,Session5/sentences/MOCAP_rotated/Ses05M_impro01/Ses05M_impro01_F016.txt,fru,"[2.0000, 2.5000, 3.0000]"
Session5/sentences/MOCAP_head/Ses05M_impro01/Ses05M_impro01_F017.txt,Session5/sentences/wav/Ses05M_impro01/Ses05M_impro01_F017.wav,Session5/sentences/MOCAP_rotated/Ses05M_impro01/Ses05M_impro01_F017.txt,fru,"[2.5000, 3.0000, 3.5000]"
Session5/sentences/MOCAP_head/Ses05M_impro01/Ses05M_impro01_F018.txt,Session5/sentences/wav/Ses05M_impro01/Ses05M_impro01_F018.wav,Session5/sentences/MOCAP_rotated/Ses05M_impro01/Ses05M_impro01_F018.txt,fru,"[2.0000, 3.5000, 3.5000]"
Session5/sentences/MOCAP_head/Ses05M_impro01/Ses05M_impro01_F019.txt,Session5/sentences/wav/Ses05M_impro01/Ses05M_impro01_F019.wav,Session5/sentences/MOCAP_rotated/Ses05M_impro01/Ses05M_impro01_F019.txt,fru,"[2.5000, 3.5000, 3.0000]"
Session5/sentences/MOCAP_head/Ses05M_impro01/Ses05M_impro01_F020.txt,Session5/sentences/wav/Ses05M_impro01/Ses05M_impro01_F020.wav,Session5/sentences/MOCAP_rotated/Ses05M_impro01/Ses05M_impro01_F020.txt,fru,"[1.5000, 3.5000, 4.0000]"
Session5/sentences/MOCAP_head/Ses05M_impro01/Ses05M_impro01_F021.txt,Session5/sentences/wav/Ses05M_impro01/Ses05M_impro01_F021.wav,Session5/sentences/MOCAP_rotated/Ses05M_impro01/Ses05M_impro01_F021.txt,ang,"[1.5000, 4.0000, 4.5000]"
Session5/sentences/MOCAP_head/Ses05M_impro01/Ses05M_impro01_F022.txt,Session5/sentences/wav/Ses05M_impro01/Ses05M_impro01_F022.wav,Session5/sentences/MOCAP_rotated/Ses05M_impro01/Ses05M_impro01_F022.txt,fru,"[2.0000, 3.5000, 4.0000]"
Session5/sentences/MOCAP_head/Ses05M_impro01/Ses05M_impro01_F023.txt,Session5/sentences/wav/Ses05M_impro01/Ses05M_impro01_F023.wav,Session5/sentences/MOCAP_rotated/Ses05M_impro01/Ses05M_impro01_F023.txt,ang,"[2.0000, 3.5000, 4.5000]"
Session5/sentences/MOCAP_head/Ses05M_impro02/Ses05M_impro02_F000.txt,Session5/sentences/wav/Ses05M_impro02/Ses05M_impro02_F000.wav,Session5/sentences/MOCAP_rotated/Ses05M_impro02/Ses05M_impro02_F000.txt,xxx,"[2.3333, 1.6667, 1.6667]"
Session5/sentences/MOCAP_head/Ses05M_impro02/Ses05M_impro02_F001.txt,Session5/sentences/wav/Ses05M_impro02/Ses05M_impro02_F001.wav,Session5/sentences/MOCAP_rotated/Ses05M_impro02/Ses05M_impro02_F001.txt,sur,"[2.0000, 2.6667, 2.0000]"
Session5/sentences/MOCAP_head/Ses05M_impro02/Ses05M_impro02_F002.txt,Session5/sentences/wav/Ses05M_impro02/Ses05M_impro02_F002.wav,Session5/sentences/MOCAP_rotated/Ses05M_impro02/Ses05M_impro02_F002.txt,fea,"[2.0000, 3.3333, 3.0000]"
Session5/sentences/MOCAP_head/Ses05M_impro02/Ses05M_impro02_F003.txt,Session5/sentences/wav/Ses05M_impro02/Ses05M_impro02_F003.wav,Session5/sentences/MOCAP_rotated/Ses05M_impro02/Ses05M_impro02_F003.txt,fea,"[1.6667, 3.0000, 3.0000]"
Session5/sentences/MOCAP_head/Ses05M_impro02/Ses05M_impro02_F004.txt,Session5/sentences/wav/Ses05M_impro02/Ses05M_impro02_F004.wav,Session5/sentences/MOCAP_rotated/Ses05M_impro02/Ses05M_impro02_F004.txt,xxx,"[2.0000, 3.3333, 3.0000]"
Session5/sentences/MOCAP_head/Ses05M_impro02/Ses05M_impro02_F005.txt,Session5/sentences/wav/Ses05M_impro02/Ses05M_impro02_F005.wav,Session5/sentences/MOCAP_rotated/Ses05M_impro02/Ses05M_impro02_F005.txt,xxx,"[2.0000, 3.3333, 2.6667]"
Session5/sentences/MOCAP_head/Ses05M_impro02/Ses05M_impro02_F006.txt,Session5/sentences/wav/Ses05M_impro02/Ses05M_impro02_F006.wav,Session5/sentences/MOCAP_rotated/Ses05M_impro02/Ses05M_impro02_F006.txt,fru,"[2.0000, 3.6667, 3.6667]"
Session5/sentences/MOCAP_head/Ses05M_impro02/Ses05M_impro02_F007.txt,Session5/sentences/wav/Ses05M_impro02/Ses05M_impro02_F007.wav,Session5/sentences/MOCAP_rotated/Ses05M_impro02/Ses05M_impro02_F007.txt,xxx,"[2.0000, 2.6667, 2.0000]"
Session5/sentences/MOCAP_head/Ses05M_impro02/Ses05M_impro02_F008.txt,Session5/sentences/wav/Ses05M_impro02/Ses05M_impro02_F008.wav,Session5/sentences/MOCAP_rotated/Ses05M_impro02/Ses05M_impro02_F008.txt,sur,"[1.3333, 3.3333, 1.6667]"
Session5/sentences/MOCAP_head/Ses05M_impro02/Ses05M_impro02_F009.txt,Session5/sentences/wav/Ses05M_impro02/Ses05M_impro02_F009.wav,Session5/sentences/MOCAP_rotated/Ses05M_impro02/Ses05M_impro02_F009.txt,fru,"[1.6667, 3.6667, 3.3333]"
Session5/sentences/MOCAP_head/Ses05M_impro02/Ses05M_impro02_F010.txt,Session5/sentences/wav/Ses05M_impro02/Ses05M_impro02_F010.wav,Session5/sentences/MOCAP_rotated/Ses05M_impro02/Ses05M_impro02_F010.txt,fru,"[2.0000, 3.0000, 2.6667]"
Session5/sentences/MOCAP_head/Ses05M_impro02/Ses05M_impro02_F011.txt,Session5/sentences/wav/Ses05M_impro02/Ses05M_impro02_F011.wav,Session5/sentences/MOCAP_rotated/Ses05M_impro02/Ses05M_impro02_F011.txt,xxx,"[2.0000, 3.3333, 2.3333]"
Session5/sentences/MOCAP_head/Ses05M_impro02/Ses05M_impro02_F012.txt,Session5/sentences/wav/Ses05M_impro02/Ses05M_impro02_F012.wav,Session5/sentences/MOCAP_rotated/Ses05M_impro02/Ses05M_impro02_F012.txt,neu,"[2.6667, 2.6667, 2.0000]"
Session5/sentences/MOCAP_head/Ses05M_impro02/Ses05M_impro02_F013.txt,Session5/sentences/wav/Ses05M_impro02/Ses05M_impro02_F013.wav,Session5/sentences/MOCAP_rotated/Ses05M_impro02/Ses05M_impro02_F013.txt,sad,"[1.6667, 3.0000, 2.6667]"
Session5/sentences/MOCAP_head/Ses05M_impro02/Ses05M_impro02_F014.txt,Session5/sentences/wav/Ses05M_impro02/Ses05M_impro02_F014.wav,Session5/sentences/MOCAP_rotated/Ses05M_impro02/Ses05M_impro02_F014.txt,xxx,"[2.0000, 3.3333, 2.3333]"
Session5/sentences/MOCAP_head/Ses05M_impro02/Ses05M_impro02_F015.txt,Session5/sentences/wav/Ses05M_impro02/Ses05M_impro02_F015.wav,Session5/sentences/MOCAP_rotated/Ses05M_impro02/Ses05M_impro02_F015.txt,fea,"[2.3333, 3.0000, 2.6667]"
Session5/sentences/MOCAP_head/Ses05M_impro02/Ses05M_impro02_F016.txt,Session5/sentences/wav/Ses05M_impro02/Ses05M_impro02_F016.wav,Session5/sentences/MOCAP_rotated/Ses05M_impro02/Ses05M_impro02_F016.txt,fea,"[1.3333, 2.6667, 1.6667]"
Session5/sentences/MOCAP_head/Ses05M_impro02/Ses05M_impro02_F017.txt,Session5/sentences/wav/Ses05M_impro02/Ses05M_impro02_F017.wav,Session5/sentences/MOCAP_rotated/Ses05M_impro02/Ses05M_impro02_F017.txt,fea,"[1.0000, 3.3333, 2.3333]"
Session5/sentences/MOCAP_head/Ses05M_impro02/Ses05M_impro02_F018.txt,Session5/sentences/wav/Ses05M_impro02/Ses05M_impro02_F018.wav,Session5/sentences/MOCAP_rotated/Ses05M_impro02/Ses05M_impro02_F018.txt,xxx,"[1.0000, 3.6667, 2.0000]"
Session5/sentences/MOCAP_head/Ses05M_impro02/Ses05M_impro02_F019.txt,Session5/sentences/wav/Ses05M_impro02/Ses05M_impro02_F019.wav,Session5/sentences/MOCAP_rotated/Ses05M_impro02/Ses05M_impro02_F019.txt,fea,"[1.3333, 3.0000, 2.6667]"
Session5/sentences/MOCAP_head/Ses05M_impro02/Ses05M_impro02_F020.txt,Session5/sentences/wav/Ses05M_impro02/Ses05M_impro02_F020.wav,Session5/sentences/MOCAP_rotated/Ses05M_impro02/Ses05M_impro02_F020.txt,sad,"[1.0000, 3.6667, 2.0000]"
Session5/sentences/MOCAP_head/Ses05M_impro02/Ses05M_impro02_F021.txt,Session5/sentences/wav/Ses05M_impro02/Ses05M_impro02_F021.wav,Session5/sentences/MOCAP_rotated/Ses05M_impro02/Ses05M_impro02_F021.txt,sad,"[2.0000, 3.0000, 3.0000]"
Session5/sentences/MOCAP_head/Ses05M_impro02/Ses05M_impro02_F022.txt,Session5/sentences/wav/Ses05M_impro02/Ses05M_impro02_F022.wav,Session5/sentences/MOCAP_rotated/Ses05M_impro02/Ses05M_impro02_F022.txt,xxx,"[2.6667, 2.6667, 2.0000]"
Session5/sentences/MOCAP_head/Ses05M_impro02/Ses05M_impro02_F023.txt,Session5/sentences/wav/Ses05M_impro02/Ses05M_impro02_F023.wav,Session5/sentences/MOCAP_rotated/Ses05M_impro02/Ses05M_impro02_F023.txt,sad,"[1.6667, 3.3333, 1.3333]"
Session5/sentences/MOCAP_head/Ses05M_impro02/Ses05M_impro02_F024.txt,Session5/sentences/wav/Ses05M_impro02/Ses05M_impro02_F024.wav,Session5/sentences/MOCAP_rotated/Ses05M_impro02/Ses05M_impro02_F024.txt,sad,"[1.3333, 3.0000, 1.3333]"
Session5/sentences/MOCAP_head/Ses05M_impro03/Ses05M_impro03_F000.txt,Session5/sentences/wav/Ses05M_impro03/Ses05M_impro03_F000.wav,Session5/sentences/MOCAP_rotated/Ses05M_impro03/Ses05M_impro03_F000.txt,neu,"[4.0000, 2.6667, 2.0000]"
Session5/sentences/MOCAP_head/Ses05M_impro03/Ses05M_impro03_F001.txt,Session5/sentences/wav/Ses05M_impro03/Ses05M_impro03_F001.wav,Session5/sentences/MOCAP_rotated/Ses05M_impro03/Ses05M_impro03_F001.txt,sur,"[4.3333, 3.3333, 2.3333]"
Session5/sentences/MOCAP_head/Ses05M_impro03/Ses05M_impro03_F002.txt,Session5/sentences/wav/Ses05M_impro03/Ses05M_impro03_F002.wav,Session5/sentences/MOCAP_rotated/Ses05M_impro03/Ses05M_impro03_F002.txt,exc,"[4.3333, 3.0000, 2.6667]"
Session5/sentences/MOCAP_head/Ses05M_impro03/Ses05M_impro03_F003.txt,Session5/sentences/wav/Ses05M_impro03/Ses05M_impro03_F003.wav,Session5/sentences/MOCAP_rotated/Ses05M_impro03/Ses05M_impro03_F003.txt,exc,"[4.0000, 3.3333, 2.6667]"
Session5/sentences/MOCAP_head/Ses05M_impro03/Ses05M_impro03_F004.txt,Session5/sentences/wav/Ses05M_impro03/Ses05M_impro03_F004.wav,Session5/sentences/MOCAP_rotated/Ses05M_impro03/Ses05M_impro03_F004.txt,exc,"[4.0000, 3.3333, 2.6667]"
Session5/sentences/MOCAP_head/Ses05M_impro03/Ses05M_impro03_F005.txt,Session5/sentences/wav/Ses05M_impro03/Ses05M_impro03_F005.wav,Session5/sentences/MOCAP_rotated/Ses05M_impro03/Ses05M_impro03_F005.txt,hap,"[4.3333, 3.0000, 2.0000]"
Session5/sentences/MOCAP_head/Ses05M_impro03/Ses05M_impro03_F006.txt,Session5/sentences/wav/Ses05M_impro03/Ses05M_impro03_F006.wav,Session5/sentences/MOCAP_rotated/Ses05M_impro03/Ses05M_impro03_F006.txt,neu,"[3.6667, 2.3333, 1.6667]"
Session5/sentences/MOCAP_head/Ses05M_impro03/Ses05M_impro03_F007.txt,Session5/sentences/wav/Ses05M_impro03/Ses05M_impro03_F007.wav,Session5/sentences/MOCAP_rotated/Ses05M_impro03/Ses05M_impro03_F007.txt,exc,"[4.6667, 3.6667, 3.0000]"
Session5/sentences/MOCAP_head/Ses05M_impro03/Ses05M_impro03_F008.txt,Session5/sentences/wav/Ses05M_impro03/Ses05M_impro03_F008.wav,Session5/sentences/MOCAP_rotated/Ses05M_impro03/Ses05M_impro03_F008.txt,hap,"[4.3333, 3.6667, 3.0000]"
Session5/sentences/MOCAP_head/Ses05M_impro03/Ses05M_impro03_F009.txt,Session5/sentences/wav/Ses05M_impro03/Ses05M_impro03_F009.wav,Session5/sentences/MOCAP_rotated/Ses05M_impro03/Ses05M_impro03_F009.txt,hap,"[4.3333, 3.6667, 2.6667]"
Session5/sentences/MOCAP_head/Ses05M_impro03/Ses05M_impro03_F010.txt,Session5/sentences/wav/Ses05M_impro03/Ses05M_impro03_F010.wav,Session5/sentences/MOCAP_rotated/Ses05M_impro03/Ses05M_impro03_F010.txt,hap,"[4.0000, 2.6667, 2.0000]"
Session5/sentences/MOCAP_head/Ses05M_impro03/Ses05M_impro03_F011.txt,Session5/sentences/wav/Ses05M_impro03/Ses05M_impro03_F011.wav,Session5/sentences/MOCAP_rotated/Ses05M_impro03/Ses05M_impro03_F011.txt,hap,"[4.0000, 3.0000, 2.6667]"
Session5/sentences/MOCAP_head/Ses05M_impro03/Ses05M_impro03_F012.txt,Session5/sentences/wav/Ses05M_impro03/Ses05M_impro03_F012.wav,Session5/sentences/MOCAP_rotated/Ses05M_impro03/Ses05M_impro03_F012.txt,hap,"[4.6667, 4.0000, 2.0000]"
Session5/sentences/MOCAP_head/Ses05M_impro03/Ses05M_impro03_F013.txt,Session5/sentences/wav/Ses05M_impro03/Ses05M_impro03_F013.wav,Session5/sentences/MOCAP_rotated/Ses05M_impro03/Ses05M_impro03_F013.txt,hap,"[4.0000, 2.3333, 2.3333]"
Session5/sentences/MOCAP_head/Ses05M_impro03/Ses05M_impro03_F014.txt,Session5/sentences/wav/Ses05M_impro03/Ses05M_impro03_F014.wav,Session5/sentences/MOCAP_rotated/Ses05M_impro03/Ses05M_impro03_F014.txt,exc,"[4.0000, 3.3333, 2.6667]"
Session5/sentences/MOCAP_head/Ses05M_impro03/Ses05M_impro03_F015.txt,Session5/sentences/wav/Ses05M_impro03/Ses05M_impro03_F015.wav,Session5/sentences/MOCAP_rotated/Ses05M_impro03/Ses05M_impro03_F015.txt,exc,"[4.3333, 3.3333, 2.3333]"
Session5/sentences/MOCAP_head/Ses05M_impro03/Ses05M_impro03_F016.txt,Session5/sentences/wav/Ses05M_impro03/Ses05M_impro03_F016.wav,Session5/sentences/MOCAP_rotated/Ses05M_impro03/Ses05M_impro03_F016.txt,hap,"[4.0000, 2.6667, 2.3333]"
Session5/sentences/MOCAP_head/Ses05M_impro03/Ses05M_impro03_F017.txt,Session5/sentences/wav/Ses05M_impro03/Ses05M_impro03_F017.wav,Session5/sentences/MOCAP_rotated/Ses05M_impro03/Ses05M_impro03_F017.txt,hap,"[4.0000, 2.3333, 2.3333]"
Session5/sentences/MOCAP_head/Ses05M_impro03/Ses05M_impro03_F018.txt,Session5/sentences/wav/Ses05M_impro03/Ses05M_impro03_F018.wav,Session5/sentences/MOCAP_rotated/Ses05M_impro03/Ses05M_impro03_F018.txt,exc,"[4.0000, 3.3333, 3.0000]"
Session5/sentences/MOCAP_head/Ses05M_impro03/Ses05M_impro03_F019.txt,Session5/sentences/wav/Ses05M_impro03/Ses05M_impro03_F019.wav,Session5/sentences/MOCAP_rotated/Ses05M_impro03/Ses05M_impro03_F019.txt,exc,"[4.0000, 3.0000, 2.3333]"
Session5/sentences/MOCAP_head/Ses05M_impro03/Ses05M_impro03_F020.txt,Session5/sentences/wav/Ses05M_impro03/Ses05M_impro03_F020.wav,Session5/sentences/MOCAP_rotated/Ses05M_impro03/Ses05M_impro03_F020.txt,hap,"[4.3333, 2.3333, 2.3333]"
Session5/sentences/MOCAP_head/Ses05M_impro03/Ses05M_impro03_F021.txt,Session5/sentences/wav/Ses05M_impro03/Ses05M_impro03_F021.wav,Session5/sentences/MOCAP_rotated/Ses05M_impro03/Ses05M_impro03_F021.txt,hap,"[3.6667, 3.0000, 2.6667]"
Session5/sentences/MOCAP_head/Ses05M_impro03/Ses05M_impro03_F022.txt,Session5/sentences/wav/Ses05M_impro03/Ses05M_impro03_F022.wav,Session5/sentences/MOCAP_rotated/Ses05M_impro03/Ses05M_impro03_F022.txt,hap,"[4.0000, 3.0000, 2.6667]"
Session5/sentences/MOCAP_head/Ses05M_impro03/Ses05M_impro03_F023.txt,Session5/sentences/wav/Ses05M_impro03/Ses05M_impro03_F023.wav,Session5/sentences/MOCAP_rotated/Ses05M_impro03/Ses05M_impro03_F023.txt,exc,"[4.0000, 3.3333, 2.6667]"
Session5/sentences/MOCAP_head/Ses05M_impro03/Ses05M_impro03_F024.txt,Session5/sentences/wav/Ses05M_impro03/Ses05M_impro03_F024.wav,Session5/sentences/MOCAP_rotated/Ses05M_impro03/Ses05M_impro03_F024.txt,xxx,"[4.0000, 3.0000, 2.3333]"
Session5/sentences/MOCAP_head/Ses05M_impro03/Ses05M_impro03_F025.txt,Session5/sentences/wav/Ses05M_impro03/Ses05M_impro03_F025.wav,Session5/sentences/MOCAP_rotated/Ses05M_impro03/Ses05M_impro03_F025.txt,xxx,"[4.0000, 3.3333, 3.0000]"
Session5/sentences/MOCAP_head/Ses05M_impro03/Ses05M_impro03_F026.txt,Session5/sentences/wav/Ses05M_impro03/Ses05M_impro03_F026.wav,Session5/sentences/MOCAP_rotated/Ses05M_impro03/Ses05M_impro03_F026.txt,neu,"[3.0000, 3.3333, 2.3333]"
Session5/sentences/MOCAP_head/Ses05M_impro03/Ses05M_impro03_F027.txt,Session5/sentences/wav/Ses05M_impro03/Ses05M_impro03_F027.wav,Session5/sentences/MOCAP_rotated/Ses05M_impro03/Ses05M_impro03_F027.txt,neu,"[3.3333, 2.6667, 2.6667]"
Session5/sentences/MOCAP_head/Ses05M_impro03/Ses05M_impro03_F028.txt,Session5/sentences/wav/Ses05M_impro03/Ses05M_impro03_F028.wav,Session5/sentences/MOCAP_rotated/Ses05M_impro03/Ses05M_impro03_F028.txt,xxx,"[3.3333, 3.3333, 2.3333]"
Session5/sentences/MOCAP_head/Ses05M_impro03/Ses05M_impro03_F029.txt,Session5/sentences/wav/Ses05M_impro03/Ses05M_impro03_F029.wav,Session5/sentences/MOCAP_rotated/Ses05M_impro03/Ses05M_impro03_F029.txt,xxx,"[3.6667, 2.0000, 2.0000]"
Session5/sentences/MOCAP_head/Ses05M_impro03/Ses05M_impro03_F030.txt,Session5/sentences/wav/Ses05M_impro03/Ses05M_impro03_F030.wav,Session5/sentences/MOCAP_rotated/Ses05M_impro03/Ses05M_impro03_F030.txt,neu,"[4.3333, 2.3333, 2.0000]"
Session5/sentences/MOCAP_head/Ses05M_impro03/Ses05M_impro03_F031.txt,Session5/sentences/wav/Ses05M_impro03/Ses05M_impro03_F031.wav,Session5/sentences/MOCAP_rotated/Ses05M_impro03/Ses05M_impro03_F031.txt,hap,"[4.3333, 2.6667, 2.6667]"
Session5/sentences/MOCAP_head/Ses05M_impro04/Ses05M_impro04_F000.txt,Session5/sentences/wav/Ses05M_impro04/Ses05M_impro04_F000.wav,Session5/sentences/MOCAP_rotated/Ses05M_impro04/Ses05M_impro04_F000.txt,xxx,"[2.5000, 2.0000, 2.5000]"
Session5/sentences/MOCAP_head/Ses05M_impro04/Ses05M_impro04_F001.txt,Session5/sentences/wav/Ses05M_impro04/Ses05M_impro04_F001.wav,Session5/sentences/MOCAP_rotated/Ses05M_impro04/Ses05M_impro04_F001.txt,neu,"[1.5000, 3.0000, 3.5000]"
Session5/sentences/MOCAP_head/Ses05M_impro04/Ses05M_impro04_F002.txt,Session5/sentences/wav/Ses05M_impro04/Ses05M_impro04_F002.wav,Session5/sentences/MOCAP_rotated/Ses05M_impro04/Ses05M_impro04_F002.txt,neu,"[2.5000, 3.0000, 2.5000]"
Session5/sentences/MOCAP_head/Ses05M_impro04/Ses05M_impro04_F003.txt,Session5/sentences/wav/Ses05M_impro04/Ses05M_impro04_F003.wav,Session5/sentences/MOCAP_rotated/Ses05M_impro04/Ses05M_impro04_F003.txt,neu,"[2.5000, 2.5000, 3.0000]"
Session5/sentences/MOCAP_head/Ses05M_impro04/Ses05M_impro04_F004.txt,Session5/sentences/wav/Ses05M_impro04/Ses05M_impro04_F004.wav,Session5/sentences/MOCAP_rotated/Ses05M_impro04/Ses05M_impro04_F004.txt,neu,"[2.5000, 2.0000, 2.5000]"
Session5/sentences/MOCAP_head/Ses05M_impro04/Ses05M_impro04_F005.txt,Session5/sentences/wav/Ses05M_impro04/Ses05M_impro04_F005.wav,Session5/sentences/MOCAP_rotated/Ses05M_impro04/Ses05M_impro04_F005.txt,neu,"[2.5000, 2.5000, 4.0000]"
Session5/sentences/MOCAP_head/Ses05M_impro04/Ses05M_impro04_F006.txt,Session5/sentences/wav/Ses05M_impro04/Ses05M_impro04_F006.wav,Session5/sentences/MOCAP_rotated/Ses05M_impro04/Ses05M_impro04_F006.txt,neu,"[2.5000, 2.5000, 3.5000]"
Session5/sentences/MOCAP_head/Ses05M_impro04/Ses05M_impro04_F007.txt,Session5/sentences/wav/Ses05M_impro04/Ses05M_impro04_F007.wav,Session5/sentences/MOCAP_rotated/Ses05M_impro04/Ses05M_impro04_F007.txt,neu,"[2.5000, 2.0000, 2.5000]"
Session5/sentences/MOCAP_head/Ses05M_impro04/Ses05M_impro04_F008.txt,Session5/sentences/wav/Ses05M_impro04/Ses05M_impro04_F008.wav,Session5/sentences/MOCAP_rotated/Ses05M_impro04/Ses05M_impro04_F008.txt,neu,"[2.0000, 3.5000, 4.0000]"
Session5/sentences/MOCAP_head/Ses05M_impro04/Ses05M_impro04_F009.txt,Session5/sentences/wav/Ses05M_impro04/Ses05M_impro04_F009.wav,Session5/sentences/MOCAP_rotated/Ses05M_impro04/Ses05M_impro04_F009.txt,neu,"[3.0000, 3.0000, 3.5000]"
Session5/sentences/MOCAP_head/Ses05M_impro04/Ses05M_impro04_F010.txt,Session5/sentences/wav/Ses05M_impro04/Ses05M_impro04_F010.wav,Session5/sentences/MOCAP_rotated/Ses05M_impro04/Ses05M_impro04_F010.txt,neu,"[2.5000, 2.5000, 3.0000]"
Session5/sentences/MOCAP_head/Ses05M_impro04/Ses05M_impro04_F011.txt,Session5/sentences/wav/Ses05M_impro04/Ses05M_impro04_F011.wav,Session5/sentences/MOCAP_rotated/Ses05M_impro04/Ses05M_impro04_F011.txt,neu,"[2.5000, 2.5000, 3.5000]"
Session5/sentences/MOCAP_head/Ses05M_impro04/Ses05M_impro04_F012.txt,Session5/sentences/wav/Ses05M_impro04/Ses05M_impro04_F012.wav,Session5/sentences/MOCAP_rotated/Ses05M_impro04/Ses05M_impro04_F012.txt,neu,"[2.5000, 3.0000, 3.0000]"
Session5/sentences/MOCAP_head/Ses05M_impro04/Ses05M_impro04_F013.txt,Session5/sentences/wav/Ses05M_impro04/Ses05M_impro04_F013.wav,Session5/sentences/MOCAP_rotated/Ses05M_impro04/Ses05M_impro04_F013.txt,neu,"[2.5000, 2.0000, 3.0000]"
Session5/sentences/MOCAP_head/Ses05M_impro04/Ses05M_impro04_F014.txt,Session5/sentences/wav/Ses05M_impro04/Ses05M_impro04_F014.wav,Session5/sentences/MOCAP_rotated/Ses05M_impro04/Ses05M_impro04_F014.txt,neu,"[2.5000, 2.0000, 3.5000]"
Session5/sentences/MOCAP_head/Ses05M_impro04/Ses05M_impro04_F015.txt,Session5/sentences/wav/Ses05M_impro04/Ses05M_impro04_F015.wav,Session5/sentences/MOCAP_rotated/Ses05M_impro04/Ses05M_impro04_F015.txt,neu,"[2.0000, 3.5000, 3.0000]"
Session5/sentences/MOCAP_head/Ses05M_impro04/Ses05M_impro04_F016.txt,Session5/sentences/wav/Ses05M_impro04/Ses05M_impro04_F016.wav,Session5/sentences/MOCAP_rotated/Ses05M_impro04/Ses05M_impro04_F016.txt,neu,"[3.0000, 2.5000, 3.5000]"
Session5/sentences/MOCAP_head/Ses05M_impro04/Ses05M_impro04_F017.txt,Session5/sentences/wav/Ses05M_impro04/Ses05M_impro04_F017.wav,Session5/sentences/MOCAP_rotated/Ses05M_impro04/Ses05M_impro04_F017.txt,neu,"[3.0000, 3.5000, 3.0000]"
Session5/sentences/MOCAP_head/Ses05M_impro04/Ses05M_impro04_F018.txt,Session5/sentences/wav/Ses05M_impro04/Ses05M_impro04_F018.wav,Session5/sentences/MOCAP_rotated/Ses05M_impro04/Ses05M_impro04_F018.txt,neu,"[2.5000, 2.5000, 3.0000]"
Session5/sentences/MOCAP_head/Ses05M_impro04/Ses05M_impro04_F019.txt,Session5/sentences/wav/Ses05M_impro04/Ses05M_impro04_F019.wav,Session5/sentences/MOCAP_rotated/Ses05M_impro04/Ses05M_impro04_F019.txt,neu,"[2.5000, 2.5000, 3.5000]"
Session5/sentences/MOCAP_head/Ses05M_impro04/Ses05M_impro04_F020.txt,Session5/sentences/wav/Ses05M_impro04/Ses05M_impro04_F020.wav,Session5/sentences/MOCAP_rotated/Ses05M_impro04/Ses05M_impro04_F020.txt,neu,"[2.5000, 2.0000, 3.0000]"
Session5/sentences/MOCAP_head/Ses05M_impro04/Ses05M_impro04_F021.txt,Session5/sentences/wav/Ses05M_impro04/Ses05M_impro04_F021.wav,Session5/sentences/MOCAP_rotated/Ses05M_impro04/Ses05M_impro04_F021.txt,neu,"[2.5000, 3.0000, 2.5000]"
Session5/sentences/MOCAP_head/Ses05M_impro04/Ses05M_impro04_F022.txt,Session5/sentences/wav/Ses05M_impro04/Ses05M_impro04_F022.wav,Session5/sentences/MOCAP_rotated/Ses05M_impro04/Ses05M_impro04_F022.txt,neu,"[3.0000, 2.5000, 3.5000]"
Session5/sentences/MOCAP_head/Ses05M_impro04/Ses05M_impro04_F023.txt,Session5/sentences/wav/Ses05M_impro04/Ses05M_impro04_F023.wav,Session5/sentences/MOCAP_rotated/Ses05M_impro04/Ses05M_impro04_F023.txt,neu,"[4.0000, 3.0000, 3.0000]"
Session5/sentences/MOCAP_head/Ses05M_impro04/Ses05M_impro04_F024.txt,Session5/sentences/wav/Ses05M_impro04/Ses05M_impro04_F024.wav,Session5/sentences/MOCAP_rotated/Ses05M_impro04/Ses05M_impro04_F024.txt,neu,"[4.0000, 2.5000, 3.5000]"
Session5/sentences/MOCAP_head/Ses05M_impro04/Ses05M_impro04_F025.txt,Session5/sentences/wav/Ses05M_impro04/Ses05M_impro04_F025.wav,Session5/sentences/MOCAP_rotated/Ses05M_impro04/Ses05M_impro04_F025.txt,xxx,"[4.5000, 3.5000, 3.5000]"
Session5/sentences/MOCAP_head/Ses05M_impro04/Ses05M_impro04_F026.txt,Session5/sentences/wav/Ses05M_impro04/Ses05M_impro04_F026.wav,Session5/sentences/MOCAP_rotated/Ses05M_impro04/Ses05M_impro04_F026.txt,neu,"[2.5000, 3.0000, 3.5000]"
Session5/sentences/MOCAP_head/Ses05M_impro04/Ses05M_impro04_F027.txt,Session5/sentences/wav/Ses05M_impro04/Ses05M_impro04_F027.wav,Session5/sentences/MOCAP_rotated/Ses05M_impro04/Ses05M_impro04_F027.txt,neu,"[2.5000, 3.5000, 3.0000]"
Session5/sentences/MOCAP_head/Ses05M_impro04/Ses05M_impro04_F028.txt,Session5/sentences/wav/Ses05M_impro04/Ses05M_impro04_F028.wav,Session5/sentences/MOCAP_rotated/Ses05M_impro04/Ses05M_impro04_F028.txt,neu,"[4.0000, 3.0000, 3.0000]"
Session5/sentences/MOCAP_head/Ses05M_impro04/Ses05M_impro04_F029.txt,Session5/sentences/wav/Ses05M_impro04/Ses05M_impro04_F029.wav,Session5/sentences/MOCAP_rotated/Ses05M_impro04/Ses05M_impro04_F029.txt,neu,"[4.0000, 2.5000, 3.5000]"
Session5/sentences/MOCAP_head/Ses05M_impro04/Ses05M_impro04_F030.txt,Session5/sentences/wav/Ses05M_impro04/Ses05M_impro04_F030.wav,Session5/sentences/MOCAP_rotated/Ses05M_impro04/Ses05M_impro04_F030.txt,neu,"[4.0000, 3.0000, 3.5000]"
Session5/sentences/MOCAP_head/Ses05M_impro04/Ses05M_impro04_F031.txt,Session5/sentences/wav/Ses05M_impro04/Ses05M_impro04_F031.wav,Session5/sentences/MOCAP_rotated/Ses05M_impro04/Ses05M_impro04_F031.txt,neu,"[4.0000, 2.5000, 3.0000]"
Session5/sentences/MOCAP_head/Ses05M_impro04/Ses05M_impro04_F032.txt,Session5/sentences/wav/Ses05M_impro04/Ses05M_impro04_F032.wav,Session5/sentences/MOCAP_rotated/Ses05M_impro04/Ses05M_impro04_F032.txt,neu,"[3.0000, 3.0000, 3.5000]"
Session5/sentences/MOCAP_head/Ses05M_impro04/Ses05M_impro04_F033.txt,Session5/sentences/wav/Ses05M_impro04/Ses05M_impro04_F033.wav,Session5/sentences/MOCAP_rotated/Ses05M_impro04/Ses05M_impro04_F033.txt,fru,"[3.5000, 3.5000, 3.5000]"
Session5/sentences/MOCAP_head/Ses05M_impro04/Ses05M_impro04_F034.txt,Session5/sentences/wav/Ses05M_impro04/Ses05M_impro04_F034.wav,Session5/sentences/MOCAP_rotated/Ses05M_impro04/Ses05M_impro04_F034.txt,neu,"[3.0000, 3.0000, 3.5000]"
Session5/sentences/MOCAP_head/Ses05M_impro04/Ses05M_impro04_F035.txt,Session5/sentences/wav/Ses05M_impro04/Ses05M_impro04_F035.wav,Session5/sentences/MOCAP_rotated/Ses05M_impro04/Ses05M_impro04_F035.txt,neu,"[2.5000, 2.5000, 3.0000]"
Session5/sentences/MOCAP_head/Ses05M_impro04/Ses05M_impro04_F036.txt,Session5/sentences/wav/Ses05M_impro04/Ses05M_impro04_F036.wav,Session5/sentences/MOCAP_rotated/Ses05M_impro04/Ses05M_impro04_F036.txt,neu,"[3.5000, 2.5000, 3.5000]"
Session5/sentences/MOCAP_head/Ses05M_impro04/Ses05M_impro04_F037.txt,Session5/sentences/wav/Ses05M_impro04/Ses05M_impro04_F037.wav,Session5/sentences/MOCAP_rotated/Ses05M_impro04/Ses05M_impro04_F037.txt,neu,"[2.5000, 2.5000, 3.0000]"
Session5/sentences/MOCAP_head/Ses05M_impro04/Ses05M_impro04_F038.txt,Session5/sentences/wav/Ses05M_impro04/Ses05M_impro04_F038.wav,Session5/sentences/MOCAP_rotated/Ses05M_impro04/Ses05M_impro04_F038.txt,xxx,"[2.5000, 2.5000, 3.5000]"
Session5/sentences/MOCAP_head/Ses05M_impro05/Ses05M_impro05_F000.txt,Session5/sentences/wav/Ses05M_impro05/Ses05M_impro05_F000.wav,Session5/sentences/MOCAP_rotated/Ses05M_impro05/Ses05M_impro05_F000.txt,neu,"[3.0000, 2.3333, 2.0000]"
Session5/sentences/MOCAP_head/Ses05M_impro05/Ses05M_impro05_F001.txt,Session5/sentences/wav/Ses05M_impro05/Ses05M_impro05_F001.wav,Session5/sentences/MOCAP_rotated/Ses05M_impro05/Ses05M_impro05_F001.txt,neu,"[3.0000, 2.6667, 1.6667]"
Session5/sentences/MOCAP_head/Ses05M_impro05/Ses05M_impro05_F002.txt,Session5/sentences/wav/Ses05M_impro05/Ses05M_impro05_F002.wav,Session5/sentences/MOCAP_rotated/Ses05M_impro05/Ses05M_impro05_F002.txt,neu,"[3.0000, 1.6667, 2.0000]"
Session5/sentences/MOCAP_head/Ses05M_impro05/Ses05M_impro05_F003.txt,Session5/sentences/wav/Ses05M_impro05/Ses05M_impro05_F003.wav,Session5/sentences/MOCAP_rotated/Ses05M_impro05/Ses05M_impro05_F003.txt,neu,"[3.0000, 2.3333, 2.6667]"
Session5/sentences/MOCAP_head/Ses05M_impro05/Ses05M_impro05_F004.txt,Session5/sentences/wav/Ses05M_impro05/Ses05M_impro05_F004.wav,Session5/sentences/MOCAP_rotated/Ses05M_impro05/Ses05M_impro05_F004.txt,neu,"[3.0000, 2.6667, 3.0000]"
Session5/sentences/MOCAP_head/Ses05M_impro05/Ses05M_impro05_F005.txt,Session5/sentences/wav/Ses05M_impro05/Ses05M_impro05_F005.wav,Session5/sentences/MOCAP_rotated/Ses05M_impro05/Ses05M_impro05_F005.txt,neu,"[3.0000, 2.0000, 2.6667]"
Session5/sentences/MOCAP_head/Ses05M_impro05/Ses05M_impro05_F006.txt,Session5/sentences/wav/Ses05M_impro05/Ses05M_impro05_F006.wav,Session5/sentences/MOCAP_rotated/Ses05M_impro05/Ses05M_impro05_F006.txt,neu,"[3.0000, 2.6667, 3.0000]"
Session5/sentences/MOCAP_head/Ses05M_impro05/Ses05M_impro05_F007.txt,Session5/sentences/wav/Ses05M_impro05/Ses05M_impro05_F007.wav,Session5/sentences/MOCAP_rotated/Ses05M_impro05/Ses05M_impro05_F007.txt,neu,"[3.0000, 2.6667, 2.3333]"
Session5/sentences/MOCAP_head/Ses05M_impro05/Ses05M_impro05_F008.txt,Session5/sentences/wav/Ses05M_impro05/Ses05M_impro05_F008.wav,Session5/sentences/MOCAP_rotated/Ses05M_impro05/Ses05M_impro05_F008.txt,neu,"[3.0000, 1.6667, 2.0000]"
Session5/sentences/MOCAP_head/Ses05M_impro05/Ses05M_impro05_F009.txt,Session5/sentences/wav/Ses05M_impro05/Ses05M_impro05_F009.wav,Session5/sentences/MOCAP_rotated/Ses05M_impro05/Ses05M_impro05_F009.txt,neu,"[3.0000, 2.0000, 2.6667]"
Session5/sentences/MOCAP_head/Ses05M_impro05/Ses05M_impro05_F010.txt,Session5/sentences/wav/Ses05M_impro05/Ses05M_impro05_F010.wav,Session5/sentences/MOCAP_rotated/Ses05M_impro05/Ses05M_impro05_F010.txt,neu,"[3.0000, 1.6667, 2.6667]"
Session5/sentences/MOCAP_head/Ses05M_impro05/Ses05M_impro05_F011.txt,Session5/sentences/wav/Ses05M_impro05/Ses05M_impro05_F011.wav,Session5/sentences/MOCAP_rotated/Ses05M_impro05/Ses05M_impro05_F011.txt,neu,"[3.0000, 2.3333, 2.3333]"
Session5/sentences/MOCAP_head/Ses05M_impro05/Ses05M_impro05_F012.txt,Session5/sentences/wav/Ses05M_impro05/Ses05M_impro05_F012.wav,Session5/sentences/MOCAP_rotated/Ses05M_impro05/Ses05M_impro05_F012.txt,neu,"[3.0000, 2.0000, 2.0000]"
Session5/sentences/MOCAP_head/Ses05M_impro05/Ses05M_impro05_F013.txt,Session5/sentences/wav/Ses05M_impro05/Ses05M_impro05_F013.wav,Session5/sentences/MOCAP_rotated/Ses05M_impro05/Ses05M_impro05_F013.txt,neu,"[3.0000, 2.0000, 2.6667]"
Session5/sentences/MOCAP_head/Ses05M_impro05/Ses05M_impro05_F014.txt,Session5/sentences/wav/Ses05M_impro05/Ses05M_impro05_F014.wav,Session5/sentences/MOCAP_rotated/Ses05M_impro05/Ses05M_impro05_F014.txt,neu,"[2.3333, 2.3333, 2.6667]"
Session5/sentences/MOCAP_head/Ses05M_impro05/Ses05M_impro05_F015.txt,Session5/sentences/wav/Ses05M_impro05/Ses05M_impro05_F015.wav,Session5/sentences/MOCAP_rotated/Ses05M_impro05/Ses05M_impro05_F015.txt,neu,"[2.3333, 2.0000, 2.0000]"
Session5/sentences/MOCAP_head/Ses05M_impro05/Ses05M_impro05_F016.txt,Session5/sentences/wav/Ses05M_impro05/Ses05M_impro05_F016.wav,Session5/sentences/MOCAP_rotated/Ses05M_impro05/Ses05M_impro05_F016.txt,neu,"[3.0000, 2.0000, 2.3333]"
Session5/sentences/MOCAP_head/Ses05M_impro05/Ses05M_impro05_F017.txt,Session5/sentences/wav/Ses05M_impro05/Ses05M_impro05_F017.wav,Session5/sentences/MOCAP_rotated/Ses05M_impro05/Ses05M_impro05_F017.txt,neu,"[3.0000, 3.0000, 2.6667]"
Session5/sentences/MOCAP_head/Ses05M_impro05/Ses05M_impro05_F018.txt,Session5/sentences/wav/Ses05M_impro05/Ses05M_impro05_F018.wav,Session5/sentences/MOCAP_rotated/Ses05M_impro05/Ses05M_impro05_F018.txt,neu,"[3.0000, 3.3333, 3.0000]"
Session5/sentences/MOCAP_head/Ses05M_impro05/Ses05M_impro05_F019.txt,Session5/sentences/wav/Ses05M_impro05/Ses05M_impro05_F019.wav,Session5/sentences/MOCAP_rotated/Ses05M_impro05/Ses05M_impro05_F019.txt,neu,"[2.6667, 2.3333, 2.6667]"
Session5/sentences/MOCAP_head/Ses05M_impro05/Ses05M_impro05_F020.txt,Session5/sentences/wav/Ses05M_impro05/Ses05M_impro05_F020.wav,Session5/sentences/MOCAP_rotated/Ses05M_impro05/Ses05M_impro05_F020.txt,neu,"[3.3333, 2.3333, 2.6667]"
Session5/sentences/MOCAP_head/Ses05M_impro05/Ses05M_impro05_F021.txt,Session5/sentences/wav/Ses05M_impro05/Ses05M_impro05_F021.wav,Session5/sentences/MOCAP_rotated/Ses05M_impro05/Ses05M_impro05_F021.txt,neu,"[4.3333, 3.3333, 2.0000]"
Session5/sentences/MOCAP_head/Ses05M_impro06/Ses05M_impro06_F000.txt,Session5/sentences/wav/Ses05M_impro06/Ses05M_impro06_F000.wav,Session5/sentences/MOCAP_rotated/Ses05M_impro06/Ses05M_impro06_F000.txt,xxx,"[2.0000, 2.0000, 1.5000]"
Session5/sentences/MOCAP_head/Ses05M_impro06/Ses05M_impro06_F001.txt,Session5/sentences/wav/Ses05M_impro06/Ses05M_impro06_F001.wav,Session5/sentences/MOCAP_rotated/Ses05M_impro06/Ses05M_impro06_F001.txt,xxx,"[2.0000, 3.0000, 1.5000]"
Session5/sentences/MOCAP_head/Ses05M_impro06/Ses05M_impro06_F002.txt,Session5/sentences/wav/Ses05M_impro06/Ses05M_impro06_F002.wav,Session5/sentences/MOCAP_rotated/Ses05M_impro06/Ses05M_impro06_F002.txt,sad,"[2.0000, 2.5000, 1.5000]"
Session5/sentences/MOCAP_head/Ses05M_impro06/Ses05M_impro06_F003.txt,Session5/sentences/wav/Ses05M_impro06/Ses05M_impro06_F003.wav,Session5/sentences/MOCAP_rotated/Ses05M_impro06/Ses05M_impro06_F003.txt,sad,"[2.0000, 3.0000, 1.5000]"
Session5/sentences/MOCAP_head/Ses05M_impro06/Ses05M_impro06_F004.txt,Session5/sentences/wav/Ses05M_impro06/Ses05M_impro06_F004.wav,Session5/sentences/MOCAP_rotated/Ses05M_impro06/Ses05M_impro06_F004.txt,sad,"[2.5000, 2.0000, 2.0000]"
Session5/sentences/MOCAP_head/Ses05M_impro06/Ses05M_impro06_F005.txt,Session5/sentences/wav/Ses05M_impro06/Ses05M_impro06_F005.wav,Session5/sentences/MOCAP_rotated/Ses05M_impro06/Ses05M_impro06_F005.txt,sad,"[2.0000, 2.0000, 2.0000]"
Session5/sentences/MOCAP_head/Ses05M_impro06/Ses05M_impro06_F006.txt,Session5/sentences/wav/Ses05M_impro06/Ses05M_impro06_F006.wav,Session5/sentences/MOCAP_rotated/Ses05M_impro06/Ses05M_impro06_F006.txt,sad,"[2.0000, 2.5000, 1.5000]"
Session5/sentences/MOCAP_head/Ses05M_impro06/Ses05M_impro06_F007.txt,Session5/sentences/wav/Ses05M_impro06/Ses05M_impro06_F007.wav,Session5/sentences/MOCAP_rotated/Ses05M_impro06/Ses05M_impro06_F007.txt,sad,"[2.0000, 2.5000, 1.5000]"
Session5/sentences/MOCAP_head/Ses05M_impro06/Ses05M_impro06_F008.txt,Session5/sentences/wav/Ses05M_impro06/Ses05M_impro06_F008.wav,Session5/sentences/MOCAP_rotated/Ses05M_impro06/Ses05M_impro06_F008.txt,sad,"[2.0000, 3.0000, 2.5000]"
Session5/sentences/MOCAP_head/Ses05M_impro06/Ses05M_impro06_F009.txt,Session5/sentences/wav/Ses05M_impro06/Ses05M_impro06_F009.wav,Session5/sentences/MOCAP_rotated/Ses05M_impro06/Ses05M_impro06_F009.txt,sad,"[2.0000, 2.0000, 2.5000]"
Session5/sentences/MOCAP_head/Ses05M_impro06/Ses05M_impro06_F010.txt,Session5/sentences/wav/Ses05M_impro06/Ses05M_impro06_F010.wav,Session5/sentences/MOCAP_rotated/Ses05M_impro06/Ses05M_impro06_F010.txt,sad,"[2.0000, 3.0000, 2.5000]"
Session5/sentences/MOCAP_head/Ses05M_impro07/Ses05M_impro07_F000.txt,Session5/sentences/wav/Ses05M_impro07/Ses05M_impro07_F000.wav,Session5/sentences/MOCAP_rotated/Ses05M_impro07/Ses05M_impro07_F000.txt,exc,"[4.0000, 3.0000, 2.0000]"
Session5/sentences/MOCAP_head/Ses05M_impro07/Ses05M_impro07_F001.txt,Session5/sentences/wav/Ses05M_impro07/Ses05M_impro07_F001.wav,Session5/sentences/MOCAP_rotated/Ses05M_impro07/Ses05M_impro07_F001.txt,exc,"[4.0000, 3.5000, 2.0000]"
Session5/sentences/MOCAP_head/Ses05M_impro07/Ses05M_impro07_F002.txt,Session5/sentences/wav/Ses05M_impro07/Ses05M_impro07_F002.wav,Session5/sentences/MOCAP_rotated/Ses05M_impro07/Ses05M_impro07_F002.txt,xxx,"[4.0000, 2.5000, 2.0000]"
Session5/sentences/MOCAP_head/Ses05M_impro07/Ses05M_impro07_F003.txt,Session5/sentences/wav/Ses05M_impro07/Ses05M_impro07_F003.wav,Session5/sentences/MOCAP_rotated/Ses05M_impro07/Ses05M_impro07_F003.txt,exc,"[4.5000, 2.5000, 2.0000]"
Session5/sentences/MOCAP_head/Ses05M_impro07/Ses05M_impro07_F004.txt,Session5/sentences/wav/Ses05M_impro07/Ses05M_impro07_F004.wav,Session5/sentences/MOCAP_rotated/Ses05M_impro07/Ses05M_impro07_F004.txt,hap,"[4.0000, 3.0000, 2.0000]"
Session5/sentences/MOCAP_head/Ses05M_impro07/Ses05M_impro07_F005.txt,Session5/sentences/wav/Ses05M_impro07/Ses05M_impro07_F005.wav,Session5/sentences/MOCAP_rotated/Ses05M_impro07/Ses05M_impro07_F005.txt,hap,"[4.0000, 3.0000, 2.5000]"
Session5/sentences/MOCAP_head/Ses05M_impro07/Ses05M_impro07_F006.txt,Session5/sentences/wav/Ses05M_impro07/Ses05M_impro07_F006.wav,Session5/sentences/MOCAP_rotated/Ses05M_impro07/Ses05M_impro07_F006.txt,xxx,"[4.0000, 3.5000, 2.0000]"
Session5/sentences/MOCAP_head/Ses05M_impro07/Ses05M_impro07_F007.txt,Session5/sentences/wav/Ses05M_impro07/Ses05M_impro07_F007.wav,Session5/sentences/MOCAP_rotated/Ses05M_impro07/Ses05M_impro07_F007.txt,hap,"[4.0000, 3.0000, 2.5000]"
Session5/sentences/MOCAP_head/Ses05M_impro07/Ses05M_impro07_F008.txt,Session5/sentences/wav/Ses05M_impro07/Ses05M_impro07_F008.wav,Session5/sentences/MOCAP_rotated/Ses05M_impro07/Ses05M_impro07_F008.txt,hap,"[4.0000, 2.5000, 2.5000]"
Session5/sentences/MOCAP_head/Ses05M_impro07/Ses05M_impro07_F009.txt,Session5/sentences/wav/Ses05M_impro07/Ses05M_impro07_F009.wav,Session5/sentences/MOCAP_rotated/Ses05M_impro07/Ses05M_impro07_F009.txt,exc,"[4.0000, 2.0000, 2.0000]"
Session5/sentences/MOCAP_head/Ses05M_impro07/Ses05M_impro07_F010.txt,Session5/sentences/wav/Ses05M_impro07/Ses05M_impro07_F010.wav,Session5/sentences/MOCAP_rotated/Ses05M_impro07/Ses05M_impro07_F010.txt,neu,"[4.0000, 2.0000, 2.5000]"
Session5/sentences/MOCAP_head/Ses05M_impro07/Ses05M_impro07_F011.txt,Session5/sentences/wav/Ses05M_impro07/Ses05M_impro07_F011.wav,Session5/sentences/MOCAP_rotated/Ses05M_impro07/Ses05M_impro07_F011.txt,exc,"[4.0000, 3.0000, 2.5000]"
Session5/sentences/MOCAP_head/Ses05M_impro07/Ses05M_impro07_F012.txt,Session5/sentences/wav/Ses05M_impro07/Ses05M_impro07_F012.wav,Session5/sentences/MOCAP_rotated/Ses05M_impro07/Ses05M_impro07_F012.txt,exc,"[4.0000, 3.5000, 2.5000]"
Session5/sentences/MOCAP_head/Ses05M_impro07/Ses05M_impro07_F013.txt,Session5/sentences/wav/Ses05M_impro07/Ses05M_impro07_F013.wav,Session5/sentences/MOCAP_rotated/Ses05M_impro07/Ses05M_impro07_F013.txt,hap,"[4.0000, 2.5000, 2.0000]"
Session5/sentences/MOCAP_head/Ses05M_impro07/Ses05M_impro07_F014.txt,Session5/sentences/wav/Ses05M_impro07/Ses05M_impro07_F014.wav,Session5/sentences/MOCAP_rotated/Ses05M_impro07/Ses05M_impro07_F014.txt,xxx,"[3.5000, 2.5000, 2.5000]"
Session5/sentences/MOCAP_head/Ses05M_impro07/Ses05M_impro07_F015.txt,Session5/sentences/wav/Ses05M_impro07/Ses05M_impro07_F015.wav,Session5/sentences/MOCAP_rotated/Ses05M_impro07/Ses05M_impro07_F015.txt,exc,"[4.0000, 3.0000, 2.5000]"
Session5/sentences/MOCAP_head/Ses05M_impro07/Ses05M_impro07_F016.txt,Session5/sentences/wav/Ses05M_impro07/Ses05M_impro07_F016.wav,Session5/sentences/MOCAP_rotated/Ses05M_impro07/Ses05M_impro07_F016.txt,neu,"[4.0000, 2.0000, 2.0000]"
Session5/sentences/MOCAP_head/Ses05M_impro07/Ses05M_impro07_F017.txt,Session5/sentences/wav/Ses05M_impro07/Ses05M_impro07_F017.wav,Session5/sentences/MOCAP_rotated/Ses05M_impro07/Ses05M_impro07_F017.txt,neu,"[4.0000, 1.5000, 2.0000]"
Session5/sentences/MOCAP_head/Ses05M_impro07/Ses05M_impro07_F018.txt,Session5/sentences/wav/Ses05M_impro07/Ses05M_impro07_F018.wav,Session5/sentences/MOCAP_rotated/Ses05M_impro07/Ses05M_impro07_F018.txt,neu,"[3.5000, 3.0000, 2.5000]"
Session5/sentences/MOCAP_head/Ses05M_impro07/Ses05M_impro07_F019.txt,Session5/sentences/wav/Ses05M_impro07/Ses05M_impro07_F019.wav,Session5/sentences/MOCAP_rotated/Ses05M_impro07/Ses05M_impro07_F019.txt,neu,"[3.5000, 1.5000, 2.0000]"
Session5/sentences/MOCAP_head/Ses05M_impro07/Ses05M_impro07_F020.txt,Session5/sentences/wav/Ses05M_impro07/Ses05M_impro07_F020.wav,Session5/sentences/MOCAP_rotated/Ses05M_impro07/Ses05M_impro07_F020.txt,neu,"[3.0000, 3.0000, 2.5000]"
Session5/sentences/MOCAP_head/Ses05M_impro07/Ses05M_impro07_F021.txt,Session5/sentences/wav/Ses05M_impro07/Ses05M_impro07_F021.wav,Session5/sentences/MOCAP_rotated/Ses05M_impro07/Ses05M_impro07_F021.txt,exc,"[3.5000, 3.0000, 2.5000]"
Session5/sentences/MOCAP_head/Ses05M_impro07/Ses05M_impro07_F022.txt,Session5/sentences/wav/Ses05M_impro07/Ses05M_impro07_F022.wav,Session5/sentences/MOCAP_rotated/Ses05M_impro07/Ses05M_impro07_F022.txt,exc,"[4.0000, 2.5000, 2.0000]"
Session5/sentences/MOCAP_head/Ses05M_impro07/Ses05M_impro07_F023.txt,Session5/sentences/wav/Ses05M_impro07/Ses05M_impro07_F023.wav,Session5/sentences/MOCAP_rotated/Ses05M_impro07/Ses05M_impro07_F023.txt,hap,"[3.5000, 2.0000, 2.5000]"
Session5/sentences/MOCAP_head/Ses05M_impro07/Ses05M_impro07_F024.txt,Session5/sentences/wav/Ses05M_impro07/Ses05M_impro07_F024.wav,Session5/sentences/MOCAP_rotated/Ses05M_impro07/Ses05M_impro07_F024.txt,neu,"[3.0000, 2.0000, 2.0000]"
Session5/sentences/MOCAP_head/Ses05M_impro07/Ses05M_impro07_F025.txt,Session5/sentences/wav/Ses05M_impro07/Ses05M_impro07_F025.wav,Session5/sentences/MOCAP_rotated/Ses05M_impro07/Ses05M_impro07_F025.txt,neu,"[3.0000, 2.5000, 2.5000]"
Session5/sentences/MOCAP_head/Ses05M_impro07/Ses05M_impro07_F026.txt,Session5/sentences/wav/Ses05M_impro07/Ses05M_impro07_F026.wav,Session5/sentences/MOCAP_rotated/Ses05M_impro07/Ses05M_impro07_F026.txt,neu,"[3.0000, 2.5000, 2.5000]"
Session5/sentences/MOCAP_head/Ses05M_impro07/Ses05M_impro07_F027.txt,Session5/sentences/wav/Ses05M_impro07/Ses05M_impro07_F027.wav,Session5/sentences/MOCAP_rotated/Ses05M_impro07/Ses05M_impro07_F027.txt,neu,"[3.0000, 2.5000, 2.5000]"
Session5/sentences/MOCAP_head/Ses05M_impro07/Ses05M_impro07_F028.txt,Session5/sentences/wav/Ses05M_impro07/Ses05M_impro07_F028.wav,Session5/sentences/MOCAP_rotated/Ses05M_impro07/Ses05M_impro07_F028.txt,neu,"[3.0000, 2.5000, 2.0000]"
Session5/sentences/MOCAP_head/Ses05M_impro07/Ses05M_impro07_F029.txt,Session5/sentences/wav/Ses05M_impro07/Ses05M_impro07_F029.wav,Session5/sentences/MOCAP_rotated/Ses05M_impro07/Ses05M_impro07_F029.txt,neu,"[3.5000, 2.5000, 2.5000]"
Session5/sentences/MOCAP_head/Ses05M_impro07/Ses05M_impro07_F030.txt,Session5/sentences/wav/Ses05M_impro07/Ses05M_impro07_F030.wav,Session5/sentences/MOCAP_rotated/Ses05M_impro07/Ses05M_impro07_F030.txt,neu,"[4.0000, 2.0000, 2.5000]"
Session5/sentences/MOCAP_head/Ses05M_impro07/Ses05M_impro07_F031.txt,Session5/sentences/wav/Ses05M_impro07/Ses05M_impro07_F031.wav,Session5/sentences/MOCAP_rotated/Ses05M_impro07/Ses05M_impro07_F031.txt,hap,"[3.5000, 3.0000, 2.5000]"
Session5/sentences/MOCAP_head/Ses05M_impro07/Ses05M_impro07_F032.txt,Session5/sentences/wav/Ses05M_impro07/Ses05M_impro07_F032.wav,Session5/sentences/MOCAP_rotated/Ses05M_impro07/Ses05M_impro07_F032.txt,neu,"[3.0000, 2.5000, 2.5000]"
Session5/sentences/MOCAP_head/Ses05M_impro07/Ses05M_impro07_F033.txt,Session5/sentences/wav/Ses05M_impro07/Ses05M_impro07_F033.wav,Session5/sentences/MOCAP_rotated/Ses05M_impro07/Ses05M_impro07_F033.txt,neu,"[4.0000, 2.0000, 2.0000]"
Session5/sentences/MOCAP_head/Ses05M_impro07/Ses05M_impro07_F034.txt,Session5/sentences/wav/Ses05M_impro07/Ses05M_impro07_F034.wav,Session5/sentences/MOCAP_rotated/Ses05M_impro07/Ses05M_impro07_F034.txt,xxx,"[3.0000, 3.0000, 2.0000]"
Session5/sentences/MOCAP_head/Ses05M_impro07/Ses05M_impro07_F035.txt,Session5/sentences/wav/Ses05M_impro07/Ses05M_impro07_F035.wav,Session5/sentences/MOCAP_rotated/Ses05M_impro07/Ses05M_impro07_F035.txt,hap,"[4.0000, 2.5000, 2.5000]"
Session5/sentences/MOCAP_head/Ses05M_impro07/Ses05M_impro07_F036.txt,Session5/sentences/wav/Ses05M_impro07/Ses05M_impro07_F036.wav,Session5/sentences/MOCAP_rotated/Ses05M_impro07/Ses05M_impro07_F036.txt,hap,"[4.0000, 2.5000, 2.0000]"
Session5/sentences/MOCAP_head/Ses05M_impro07/Ses05M_impro07_F037.txt,Session5/sentences/wav/Ses05M_impro07/Ses05M_impro07_F037.wav,Session5/sentences/MOCAP_rotated/Ses05M_impro07/Ses05M_impro07_F037.txt,exc,"[4.0000, 3.5000, 2.5000]"
Session5/sentences/MOCAP_head/Ses05M_impro07/Ses05M_impro07_F038.txt,Session5/sentences/wav/Ses05M_impro07/Ses05M_impro07_F038.wav,Session5/sentences/MOCAP_rotated/Ses05M_impro07/Ses05M_impro07_F038.txt,neu,"[4.0000, 2.0000, 2.0000]"
Session5/sentences/MOCAP_head/Ses05M_impro07/Ses05M_impro07_F039.txt,Session5/sentences/wav/Ses05M_impro07/Ses05M_impro07_F039.wav,Session5/sentences/MOCAP_rotated/Ses05M_impro07/Ses05M_impro07_F039.txt,hap,"[4.0000, 2.0000, 2.0000]"
Session5/sentences/MOCAP_head/Ses05M_impro07/Ses05M_impro07_F040.txt,Session5/sentences/wav/Ses05M_impro07/Ses05M_impro07_F040.wav,Session5/sentences/MOCAP_rotated/Ses05M_impro07/Ses05M_impro07_F040.txt,neu,"[3.5000, 2.0000, 2.0000]"
Session5/sentences/MOCAP_head/Ses05M_impro07/Ses05M_impro07_F041.txt,Session5/sentences/wav/Ses05M_impro07/Ses05M_impro07_F041.wav,Session5/sentences/MOCAP_rotated/Ses05M_impro07/Ses05M_impro07_F041.txt,exc,"[4.0000, 2.0000, 2.0000]"
Session5/sentences/MOCAP_head/Ses05M_impro07/Ses05M_impro07_F042.txt,Session5/sentences/wav/Ses05M_impro07/Ses05M_impro07_F042.wav,Session5/sentences/MOCAP_rotated/Ses05M_impro07/Ses05M_impro07_F042.txt,exc,"[4.0000, 2.0000, 2.5000]"
Session5/sentences/MOCAP_head/Ses05M_impro07/Ses05M_impro07_F043.txt,Session5/sentences/wav/Ses05M_impro07/Ses05M_impro07_F043.wav,Session5/sentences/MOCAP_rotated/Ses05M_impro07/Ses05M_impro07_F043.txt,xxx,"[4.0000, 1.5000, 2.0000]"
Session5/sentences/MOCAP_head/Ses05M_impro07/Ses05M_impro07_F044.txt,Session5/sentences/wav/Ses05M_impro07/Ses05M_impro07_F044.wav,Session5/sentences/MOCAP_rotated/Ses05M_impro07/Ses05M_impro07_F044.txt,exc,"[4.0000, 3.0000, 2.5000]"
Session5/sentences/MOCAP_head/Ses05M_impro07/Ses05M_impro07_F045.txt,Session5/sentences/wav/Ses05M_impro07/Ses05M_impro07_F045.wav,Session5/sentences/MOCAP_rotated/Ses05M_impro07/Ses05M_impro07_F045.txt,hap,"[4.0000, 2.5000, 2.5000]"
Session5/sentences/MOCAP_head/Ses05M_impro07/Ses05M_impro07_F046.txt,Session5/sentences/wav/Ses05M_impro07/Ses05M_impro07_F046.wav,Session5/sentences/MOCAP_rotated/Ses05M_impro07/Ses05M_impro07_F046.txt,xxx,"[4.0000, 2.0000, 2.0000]"
Session5/sentences/MOCAP_head/Ses05M_impro08/Ses05M_impro08_F000.txt,Session5/sentences/wav/Ses05M_impro08/Ses05M_impro08_F000.wav,Session5/sentences/MOCAP_rotated/Ses05M_impro08/Ses05M_impro08_F000.txt,fru,"[2.0000, 4.0000, 4.0000]"
Session5/sentences/MOCAP_head/Ses05M_impro08/Ses05M_impro08_F001.txt,Session5/sentences/wav/Ses05M_impro08/Ses05M_impro08_F001.wav,Session5/sentences/MOCAP_rotated/Ses05M_impro08/Ses05M_impro08_F001.txt,fru,"[2.0000, 3.0000, 3.0000]"
Session5/sentences/MOCAP_head/Ses05M_impro08/Ses05M_impro08_F002.txt,Session5/sentences/wav/Ses05M_impro08/Ses05M_impro08_F002.wav,Session5/sentences/MOCAP_rotated/Ses05M_impro08/Ses05M_impro08_F002.txt,fru,"[3.0000, 2.5000, 2.5000]"
Session5/sentences/MOCAP_head/Ses05M_impro08/Ses05M_impro08_F003.txt,Session5/sentences/wav/Ses05M_impro08/Ses05M_impro08_F003.wav,Session5/sentences/MOCAP_rotated/Ses05M_impro08/Ses05M_impro08_F003.txt,fru,"[2.0000, 3.5000, 3.0000]"
Session5/sentences/MOCAP_head/Ses05M_impro08/Ses05M_impro08_F004.txt,Session5/sentences/wav/Ses05M_impro08/Ses05M_impro08_F004.wav,Session5/sentences/MOCAP_rotated/Ses05M_impro08/Ses05M_impro08_F004.txt,fru,"[2.5000, 4.0000, 3.0000]"
Session5/sentences/MOCAP_head/Ses05M_impro08/Ses05M_impro08_F005.txt,Session5/sentences/wav/Ses05M_impro08/Ses05M_impro08_F005.wav,Session5/sentences/MOCAP_rotated/Ses05M_impro08/Ses05M_impro08_F005.txt,neu,"[3.0000, 3.5000, 3.0000]"
Session5/sentences/MOCAP_head/Ses05M_impro08/Ses05M_impro08_F006.txt,Session5/sentences/wav/Ses05M_impro08/Ses05M_impro08_F006.wav,Session5/sentences/MOCAP_rotated/Ses05M_impro08/Ses05M_impro08_F006.txt,neu,"[2.5000, 2.5000, 3.0000]"
Session5/sentences/MOCAP_head/Ses05M_impro08/Ses05M_impro08_F007.txt,Session5/sentences/wav/Ses05M_impro08/Ses05M_impro08_F007.wav,Session5/sentences/MOCAP_rotated/Ses05M_impro08/Ses05M_impro08_F007.txt,neu,"[3.0000, 1.5000, 2.0000]"
Session5/sentences/MOCAP_head/Ses05M_impro08/Ses05M_impro08_F008.txt,Session5/sentences/wav/Ses05M_impro08/Ses05M_impro08_F008.wav,Session5/sentences/MOCAP_rotated/Ses05M_impro08/Ses05M_impro08_F008.txt,neu,"[3.0000, 2.0000, 2.5000]"
Session5/sentences/MOCAP_head/Ses05M_impro08/Ses05M_impro08_F009.txt,Session5/sentences/wav/Ses05M_impro08/Ses05M_impro08_F009.wav,Session5/sentences/MOCAP_rotated/Ses05M_impro08/Ses05M_impro08_F009.txt,neu,"[3.0000, 2.5000, 2.5000]"
Session5/sentences/MOCAP_head/Ses05M_impro08/Ses05M_impro08_F010.txt,Session5/sentences/wav/Ses05M_impro08/Ses05M_impro08_F010.wav,Session5/sentences/MOCAP_rotated/Ses05M_impro08/Ses05M_impro08_F010.txt,xxx,"[3.0000, 2.5000, 2.5000]"
Session5/sentences/MOCAP_head/Ses05M_impro08/Ses05M_impro08_F011.txt,Session5/sentences/wav/Ses05M_impro08/Ses05M_impro08_F011.wav,Session5/sentences/MOCAP_rotated/Ses05M_impro08/Ses05M_impro08_F011.txt,neu,"[3.0000, 4.0000, 3.0000]"
Session5/sentences/MOCAP_head/Ses05M_impro08/Ses05M_impro08_F012.txt,Session5/sentences/wav/Ses05M_impro08/Ses05M_impro08_F012.wav,Session5/sentences/MOCAP_rotated/Ses05M_impro08/Ses05M_impro08_F012.txt,neu,"[3.0000, 1.5000, 2.5000]"
Session5/sentences/MOCAP_head/Ses05M_impro08/Ses05M_impro08_F013.txt,Session5/sentences/wav/Ses05M_impro08/Ses05M_impro08_F013.wav,Session5/sentences/MOCAP_rotated/Ses05M_impro08/Ses05M_impro08_F013.txt,neu,"[3.0000, 2.5000, 2.5000]"
Session5/sentences/MOCAP_head/Ses05M_impro08/Ses05M_impro08_F014.txt,Session5/sentences/wav/Ses05M_impro08/Ses05M_impro08_F014.wav,Session5/sentences/MOCAP_rotated/Ses05M_impro08/Ses05M_impro08_F014.txt,neu,"[3.0000, 2.0000, 2.5000]"
Session5/sentences/MOCAP_head/Ses05M_impro08/Ses05M_impro08_F015.txt,Session5/sentences/wav/Ses05M_impro08/Ses05M_impro08_F015.wav,Session5/sentences/MOCAP_rotated/Ses05M_impro08/Ses05M_impro08_F015.txt,neu,"[3.0000, 2.5000, 2.5000]"
Session5/sentences/MOCAP_head/Ses05M_impro08/Ses05M_impro08_F016.txt,Session5/sentences/wav/Ses05M_impro08/Ses05M_impro08_F016.wav,Session5/sentences/MOCAP_rotated/Ses05M_impro08/Ses05M_impro08_F016.txt,neu,"[3.5000, 2.5000, 2.5000]"
Session5/sentences/MOCAP_head/Ses05M_impro08/Ses05M_impro08_F017.txt,Session5/sentences/wav/Ses05M_impro08/Ses05M_impro08_F017.wav,Session5/sentences/MOCAP_rotated/Ses05M_impro08/Ses05M_impro08_F017.txt,neu,"[3.0000, 3.0000, 2.5000]"
Session5/sentences/MOCAP_head/Ses05M_impro08/Ses05M_impro08_F018.txt,Session5/sentences/wav/Ses05M_impro08/Ses05M_impro08_F018.wav,Session5/sentences/MOCAP_rotated/Ses05M_impro08/Ses05M_impro08_F018.txt,neu,"[3.0000, 2.5000, 2.5000]"
Session5/sentences/MOCAP_head/Ses05M_impro08/Ses05M_impro08_F019.txt,Session5/sentences/wav/Ses05M_impro08/Ses05M_impro08_F019.wav,Session5/sentences/MOCAP_rotated/Ses05M_impro08/Ses05M_impro08_F019.txt,neu,"[3.0000, 3.0000, 3.5000]"
Session5/sentences/MOCAP_head/Ses05M_impro08/Ses05M_impro08_F020.txt,Session5/sentences/wav/Ses05M_impro08/Ses05M_impro08_F020.wav,Session5/sentences/MOCAP_rotated/Ses05M_impro08/Ses05M_impro08_F020.txt,xxx,"[2.5000, 3.0000, 3.0000]"
Session5/sentences/MOCAP_head/Ses05M_impro08/Ses05M_impro08_F021.txt,Session5/sentences/wav/Ses05M_impro08/Ses05M_impro08_F021.wav,Session5/sentences/MOCAP_rotated/Ses05M_impro08/Ses05M_impro08_F021.txt,sur,"[4.5000, 4.0000, 3.5000]"
Session5/sentences/MOCAP_head/Ses05M_impro08/Ses05M_impro08_F022.txt,Session5/sentences/wav/Ses05M_impro08/Ses05M_impro08_F022.wav,Session5/sentences/MOCAP_rotated/Ses05M_impro08/Ses05M_impro08_F022.txt,hap,"[4.0000, 4.0000, 4.0000]"
Session5/sentences/MOCAP_head/Ses05M_impro08/Ses05M_impro08_F023.txt,Session5/sentences/wav/Ses05M_impro08/Ses05M_impro08_F023.wav,Session5/sentences/MOCAP_rotated/Ses05M_impro08/Ses05M_impro08_F023.txt,fru,"[2.5000, 3.0000, 3.0000]"
Session5/sentences/MOCAP_head/Ses05M_impro08/Ses05M_impro08_F024.txt,Session5/sentences/wav/Ses05M_impro08/Ses05M_impro08_F024.wav,Session5/sentences/MOCAP_rotated/Ses05M_impro08/Ses05M_impro08_F024.txt,xxx,"[4.0000, 3.0000, 4.0000]"
Session5/sentences/MOCAP_head/Ses05M_impro08/Ses05M_impro08_F025.txt,Session5/sentences/wav/Ses05M_impro08/Ses05M_impro08_F025.wav,Session5/sentences/MOCAP_rotated/Ses05M_impro08/Ses05M_impro08_F025.txt,hap,"[4.0000, 3.0000, 3.0000]"
Session5/sentences/MOCAP_head/Ses05M_impro08/Ses05M_impro08_F026.txt,Session5/sentences/wav/Ses05M_impro08/Ses05M_impro08_F026.wav,Session5/sentences/MOCAP_rotated/Ses05M_impro08/Ses05M_impro08_F026.txt,hap,"[4.0000, 3.0000, 3.0000]"
Session5/sentences/MOCAP_head/Ses05M_impro08/Ses05M_impro08_F027.txt,Session5/sentences/wav/Ses05M_impro08/Ses05M_impro08_F027.wav,Session5/sentences/MOCAP_rotated/Ses05M_impro08/Ses05M_impro08_F027.txt,hap,"[4.5000, 3.5000, 3.5000]"
Session5/sentences/MOCAP_head/Ses05M_impro08/Ses05M_impro08_F028.txt,Session5/sentences/wav/Ses05M_impro08/Ses05M_impro08_F028.wav,Session5/sentences/MOCAP_rotated/Ses05M_impro08/Ses05M_impro08_F028.txt,hap,"[4.5000, 3.5000, 3.5000]"
Session5/sentences/MOCAP_head/Ses05M_script01_1/Ses05M_script01_1_F000.txt,Session5/sentences/wav/Ses05M_script01_1/Ses05M_script01_1_F000.wav,Session5/sentences/MOCAP_rotated/Ses05M_script01_1/Ses05M_script01_1_F000.txt,sad,"[2.5000, 2.5000, 3.0000]"
Session5/sentences/MOCAP_head/Ses05M_script01_1/Ses05M_script01_1_F001.txt,Session5/sentences/wav/Ses05M_script01_1/Ses05M_script01_1_F001.wav,Session5/sentences/MOCAP_rotated/Ses05M_script01_1/Ses05M_script01_1_F001.txt,sad,"[2.0000, 2.5000, 3.0000]"
Session5/sentences/MOCAP_head/Ses05M_script01_1/Ses05M_script01_1_F002.txt,Session5/sentences/wav/Ses05M_script01_1/Ses05M_script01_1_F002.wav,Session5/sentences/MOCAP_rotated/Ses05M_script01_1/Ses05M_script01_1_F002.txt,xxx,"[2.0000, 2.5000, 3.0000]"
Session5/sentences/MOCAP_head/Ses05M_script01_1/Ses05M_script01_1_F003.txt,Session5/sentences/wav/Ses05M_script01_1/Ses05M_script01_1_F003.wav,Session5/sentences/MOCAP_rotated/Ses05M_script01_1/Ses05M_script01_1_F003.txt,xxx,"[2.0000, 2.0000, 3.0000]"
Session5/sentences/MOCAP_head/Ses05M_script01_1/Ses05M_script01_1_F004.txt,Session5/sentences/wav/Ses05M_script01_1/Ses05M_script01_1_F004.wav,Session5/sentences/MOCAP_rotated/Ses05M_script01_1/Ses05M_script01_1_F004.txt,sad,"[2.0000, 2.5000, 2.5000]"
Session5/sentences/MOCAP_head/Ses05M_script01_1/Ses05M_script01_1_F005.txt,Session5/sentences/wav/Ses05M_script01_1/Ses05M_script01_1_F005.wav,Session5/sentences/MOCAP_rotated/Ses05M_script01_1/Ses05M_script01_1_F005.txt,sad,"[2.0000, 2.0000, 2.5000]"
Session5/sentences/MOCAP_head/Ses05M_script01_1/Ses05M_script01_1_F006.txt,Session5/sentences/wav/Ses05M_script01_1/Ses05M_script01_1_F006.wav,Session5/sentences/MOCAP_rotated/Ses05M_script01_1/Ses05M_script01_1_F006.txt,xxx,"[2.0000, 2.5000, 3.0000]"
Session5/sentences/MOCAP_head/Ses05M_script01_1/Ses05M_script01_1_F007.txt,Session5/sentences/wav/Ses05M_script01_1/Ses05M_script01_1_F007.wav,Session5/sentences/MOCAP_rotated/Ses05M_script01_1/Ses05M_script01_1_F007.txt,xxx,"[2.5000, 2.0000, 2.5000]"
Session5/sentences/MOCAP_head/Ses05M_script01_1/Ses05M_script01_1_F008.txt,Session5/sentences/wav/Ses05M_script01_1/Ses05M_script01_1_F008.wav,Session5/sentences/MOCAP_rotated/Ses05M_script01_1/Ses05M_script01_1_F008.txt,xxx,"[2.5000, 2.5000, 2.5000]"
Session5/sentences/MOCAP_head/Ses05M_script01_1/Ses05M_script01_1_F009.txt,Session5/sentences/wav/Ses05M_script01_1/Ses05M_script01_1_F009.wav,Session5/sentences/MOCAP_rotated/Ses05M_script01_1/Ses05M_script01_1_F009.txt,xxx,"[2.0000, 2.5000, 2.5000]"
Session5/sentences/MOCAP_head/Ses05M_script01_1/Ses05M_script01_1_F010.txt,Session5/sentences/wav/Ses05M_script01_1/Ses05M_script01_1_F010.wav,Session5/sentences/MOCAP_rotated/Ses05M_script01_1/Ses05M_script01_1_F010.txt,fru,"[2.0000, 3.5000, 3.5000]"
Session5/sentences/MOCAP_head/Ses05M_script01_1/Ses05M_script01_1_F011.txt,Session5/sentences/wav/Ses05M_script01_1/Ses05M_script01_1_F011.wav,Session5/sentences/MOCAP_rotated/Ses05M_script01_1/Ses05M_script01_1_F011.txt,xxx,"[2.5000, 3.5000, 3.5000]"
Session5/sentences/MOCAP_head/Ses05M_script01_1/Ses05M_script01_1_F012.txt,Session5/sentences/wav/Ses05M_script01_1/Ses05M_script01_1_F012.wav,Session5/sentences/MOCAP_rotated/Ses05M_script01_1/Ses05M_script01_1_F012.txt,fru,"[2.0000, 3.0000, 4.0000]"
Session5/sentences/MOCAP_head/Ses05M_script01_1/Ses05M_script01_1_F013.txt,Session5/sentences/wav/Ses05M_script01_1/Ses05M_script01_1_F013.wav,Session5/sentences/MOCAP_rotated/Ses05M_script01_1/Ses05M_script01_1_F013.txt,fru,"[2.0000, 3.0000, 4.0000]"
Session5/sentences/MOCAP_head/Ses05M_script01_1/Ses05M_script01_1_F014.txt,Session5/sentences/wav/Ses05M_script01_1/Ses05M_script01_1_F014.wav,Session5/sentences/MOCAP_rotated/Ses05M_script01_1/Ses05M_script01_1_F014.txt,ang,"[2.0000, 3.0000, 4.0000]"
Session5/sentences/MOCAP_head/Ses05M_script01_1/Ses05M_script01_1_F015.txt,Session5/sentences/wav/Ses05M_script01_1/Ses05M_script01_1_F015.wav,Session5/sentences/MOCAP_rotated/Ses05M_script01_1/Ses05M_script01_1_F015.txt,xxx,"[2.5000, 2.0000, 2.5000]"
Session5/sentences/MOCAP_head/Ses05M_script01_1/Ses05M_script01_1_F016.txt,Session5/sentences/wav/Ses05M_script01_1/Ses05M_script01_1_F016.wav,Session5/sentences/MOCAP_rotated/Ses05M_script01_1/Ses05M_script01_1_F016.txt,xxx,"[2.0000, 2.5000, 3.5000]"
Session5/sentences/MOCAP_head/Ses05M_script01_1/Ses05M_script01_1_F017.txt,Session5/sentences/wav/Ses05M_script01_1/Ses05M_script01_1_F017.wav,Session5/sentences/MOCAP_rotated/Ses05M_script01_1/Ses05M_script01_1_F017.txt,xxx,"[2.0000, 1.5000, 3.0000]"
Session5/sentences/MOCAP_head/Ses05M_script01_1/Ses05M_script01_1_F018.txt,Session5/sentences/wav/Ses05M_script01_1/Ses05M_script01_1_F018.wav,Session5/sentences/MOCAP_rotated/Ses05M_script01_1/Ses05M_script01_1_F018.txt,ang,"[2.0000, 3.5000, 3.5000]"
Session5/sentences/MOCAP_head/Ses05M_script01_1/Ses05M_script01_1_F019.txt,Session5/sentences/wav/Ses05M_script01_1/Ses05M_script01_1_F019.wav,Session5/sentences/MOCAP_rotated/Ses05M_script01_1/Ses05M_script01_1_F019.txt,xxx,"[2.0000, 3.0000, 2.5000]"
Session5/sentences/MOCAP_head/Ses05M_script01_1/Ses05M_script01_1_F020.txt,Session5/sentences/wav/Ses05M_script01_1/Ses05M_script01_1_F020.wav,Session5/sentences/MOCAP_rotated/Ses05M_script01_1/Ses05M_script01_1_F020.txt,fru,"[1.5000, 3.5000, 3.5000]"
Session5/sentences/MOCAP_head/Ses05M_script01_1/Ses05M_script01_1_F021.txt,Session5/sentences/wav/Ses05M_script01_1/Ses05M_script01_1_F021.wav,Session5/sentences/MOCAP_rotated/Ses05M_script01_1/Ses05M_script01_1_F021.txt,ang,"[2.0000, 3.0000, 3.0000]"
Session5/sentences/MOCAP_head/Ses05M_script01_1/Ses05M_script01_1_F022.txt,Session5/sentences/wav/Ses05M_script01_1/Ses05M_script01_1_F022.wav,Session5/sentences/MOCAP_rotated/Ses05M_script01_1/Ses05M_script01_1_F022.txt,ang,"[1.5000, 3.5000, 4.0000]"
Session5/sentences/MOCAP_head/Ses05M_script01_1/Ses05M_script01_1_F023.txt,Session5/sentences/wav/Ses05M_script01_1/Ses05M_script01_1_F023.wav,Session5/sentences/MOCAP_rotated/Ses05M_script01_1/Ses05M_script01_1_F023.txt,neu,"[2.5000, 2.0000, 2.5000]"
Session5/sentences/MOCAP_head/Ses05M_script01_1/Ses05M_script01_1_F024.txt,Session5/sentences/wav/Ses05M_script01_1/Ses05M_script01_1_F024.wav,Session5/sentences/MOCAP_rotated/Ses05M_script01_1/Ses05M_script01_1_F024.txt,neu,"[2.5000, 3.0000, 3.5000]"
Session5/sentences/MOCAP_head/Ses05M_script01_1/Ses05M_script01_1_F025.txt,Session5/sentences/wav/Ses05M_script01_1/Ses05M_script01_1_F025.wav,Session5/sentences/MOCAP_rotated/Ses05M_script01_1/Ses05M_script01_1_F025.txt,neu,"[2.5000, 3.0000, 3.0000]"
Session5/sentences/MOCAP_head/Ses05M_script01_1/Ses05M_script01_1_F026.txt,Session5/sentences/wav/Ses05M_script01_1/Ses05M_script01_1_F026.wav,Session5/sentences/MOCAP_rotated/Ses05M_script01_1/Ses05M_script01_1_F026.txt,neu,"[2.0000, 3.0000, 3.5000]"
Session5/sentences/MOCAP_head/Ses05M_script01_1/Ses05M_script01_1_F027.txt,Session5/sentences/wav/Ses05M_script01_1/Ses05M_script01_1_F027.wav,Session5/sentences/MOCAP_rotated/Ses05M_script01_1/Ses05M_script01_1_F027.txt,fru,"[2.0000, 3.5000, 3.5000]"
Session5/sentences/MOCAP_head/Ses05M_script01_1/Ses05M_script01_1_F028.txt,Session5/sentences/wav/Ses05M_script01_1/Ses05M_script01_1_F028.wav,Session5/sentences/MOCAP_rotated/Ses05M_script01_1/Ses05M_script01_1_F028.txt,fru,"[2.5000, 3.0000, 3.5000]"
Session5/sentences/MOCAP_head/Ses05M_script01_1/Ses05M_script01_1_F029.txt,Session5/sentences/wav/Ses05M_script01_1/Ses05M_script01_1_F029.wav,Session5/sentences/MOCAP_rotated/Ses05M_script01_1/Ses05M_script01_1_F029.txt,fru,"[2.0000, 2.5000, 4.0000]"
Session5/sentences/MOCAP_head/Ses05M_script01_1/Ses05M_script01_1_F030.txt,Session5/sentences/wav/Ses05M_script01_1/Ses05M_script01_1_F030.wav,Session5/sentences/MOCAP_rotated/Ses05M_script01_1/Ses05M_script01_1_F030.txt,xxx,"[2.5000, 2.0000, 3.0000]"
Session5/sentences/MOCAP_head/Ses05M_script01_1/Ses05M_script01_1_F031.txt,Session5/sentences/wav/Ses05M_script01_1/Ses05M_script01_1_F031.wav,Session5/sentences/MOCAP_rotated/Ses05M_script01_1/Ses05M_script01_1_F031.txt,sur,"[2.5000, 2.5000, 3.0000]"
Session5/sentences/MOCAP_head/Ses05M_script01_1/Ses05M_script01_1_F032.txt,Session5/sentences/wav/Ses05M_script01_1/Ses05M_script01_1_F032.wav,Session5/sentences/MOCAP_rotated/Ses05M_script01_1/Ses05M_script01_1_F032.txt,ang,"[1.5000, 3.0000, 3.5000]"
Session5/sentences/MOCAP_head/Ses05M_script01_1/Ses05M_script01_1_F033.txt,Session5/sentences/wav/Ses05M_script01_1/Ses05M_script01_1_F033.wav,Session5/sentences/MOCAP_rotated/Ses05M_script01_1/Ses05M_script01_1_F033.txt,xxx,"[2.0000, 3.0000, 3.5000]"
Session5/sentences/MOCAP_head/Ses05M_script01_1/Ses05M_script01_1_F034.txt,Session5/sentences/wav/Ses05M_script01_1/Ses05M_script01_1_F034.wav,Session5/sentences/MOCAP_rotated/Ses05M_script01_1/Ses05M_script01_1_F034.txt,xxx,"[2.0000, 3.0000, 3.5000]"
Session5/sentences/MOCAP_head/Ses05M_script01_1/Ses05M_script01_1_F035.txt,Session5/sentences/wav/Ses05M_script01_1/Ses05M_script01_1_F035.wav,Session5/sentences/MOCAP_rotated/Ses05M_script01_1/Ses05M_script01_1_F035.txt,ang,"[1.5000, 3.0000, 4.0000]"
Session5/sentences/MOCAP_head/Ses05M_script01_1/Ses05M_script01_1_F036.txt,Session5/sentences/wav/Ses05M_script01_1/Ses05M_script01_1_F036.wav,Session5/sentences/MOCAP_rotated/Ses05M_script01_1/Ses05M_script01_1_F036.txt,ang,"[2.0000, 2.5000, 3.5000]"
Session5/sentences/MOCAP_head/Ses05M_script01_1/Ses05M_script01_1_F037.txt,Session5/sentences/wav/Ses05M_script01_1/Ses05M_script01_1_F037.wav,Session5/sentences/MOCAP_rotated/Ses05M_script01_1/Ses05M_script01_1_F037.txt,fru,"[2.0000, 2.5000, 2.5000]"
Session5/sentences/MOCAP_head/Ses05M_script01_1/Ses05M_script01_1_F038.txt,Session5/sentences/wav/Ses05M_script01_1/Ses05M_script01_1_F038.wav,Session5/sentences/MOCAP_rotated/Ses05M_script01_1/Ses05M_script01_1_F038.txt,fru,"[2.0000, 3.0000, 3.5000]"
Session5/sentences/MOCAP_head/Ses05M_script01_2/Ses05M_script01_2_F000.txt,Session5/sentences/wav/Ses05M_script01_2/Ses05M_script01_2_F000.wav,Session5/sentences/MOCAP_rotated/Ses05M_script01_2/Ses05M_script01_2_F000.txt,sad,"[2.5000, 2.5000, 2.5000]"
Session5/sentences/MOCAP_head/Ses05M_script01_2/Ses05M_script01_2_F001.txt,Session5/sentences/wav/Ses05M_script01_2/Ses05M_script01_2_F001.wav,Session5/sentences/MOCAP_rotated/Ses05M_script01_2/Ses05M_script01_2_F001.txt,sur,"[2.0000, 3.0000, 3.0000]"
Session5/sentences/MOCAP_head/Ses05M_script01_2/Ses05M_script01_2_F002.txt,Session5/sentences/wav/Ses05M_script01_2/Ses05M_script01_2_F002.wav,Session5/sentences/MOCAP_rotated/Ses05M_script01_2/Ses05M_script01_2_F002.txt,xxx,"[2.0000, 2.0000, 2.5000]"
Session5/sentences/MOCAP_head/Ses05M_script01_2/Ses05M_script01_2_F003.txt,Session5/sentences/wav/Ses05M_script01_2/Ses05M_script01_2_F003.wav,Session5/sentences/MOCAP_rotated/Ses05M_script01_2/Ses05M_script01_2_F003.txt,xxx,"[2.0000, 2.0000, 3.0000]"
Session5/sentences/MOCAP_head/Ses05M_script01_2/Ses05M_script01_2_F004.txt,Session5/sentences/wav/Ses05M_script01_2/Ses05M_script01_2_F004.wav,Session5/sentences/MOCAP_rotated/Ses05M_script01_2/Ses05M_script01_2_F004.txt,xxx,"[2.0000, 2.0000, 2.5000]"
Session5/sentences/MOCAP_head/Ses05M_script01_2/Ses05M_script01_2_F005.txt,Session5/sentences/wav/Ses05M_script01_2/Ses05M_script01_2_F005.wav,Session5/sentences/MOCAP_rotated/Ses05M_script01_2/Ses05M_script01_2_F005.txt,xxx,"[2.0000, 2.0000, 3.5000]"
Session5/sentences/MOCAP_head/Ses05M_script01_2/Ses05M_script01_2_F006.txt,Session5/sentences/wav/Ses05M_script01_2/Ses05M_script01_2_F006.wav,Session5/sentences/MOCAP_rotated/Ses05M_script01_2/Ses05M_script01_2_F006.txt,xxx,"[2.0000, 2.5000, 3.0000]"
Session5/sentences/MOCAP_head/Ses05M_script01_2/Ses05M_script01_2_F007.txt,Session5/sentences/wav/Ses05M_script01_2/Ses05M_script01_2_F007.wav,Session5/sentences/MOCAP_rotated/Ses05M_script01_2/Ses05M_script01_2_F007.txt,xxx,"[2.0000, 2.0000, 3.0000]"
Session5/sentences/MOCAP_head/Ses05M_script01_2/Ses05M_script01_2_F008.txt,Session5/sentences/wav/Ses05M_script01_2/Ses05M_script01_2_F008.wav,Session5/sentences/MOCAP_rotated/Ses05M_script01_2/Ses05M_script01_2_F008.txt,xxx,"[2.0000, 2.5000, 3.5000]"
Session5/sentences/MOCAP_head/Ses05M_script01_2/Ses05M_script01_2_F009.txt,Session5/sentences/wav/Ses05M_script01_2/Ses05M_script01_2_F009.wav,Session5/sentences/MOCAP_rotated/Ses05M_script01_2/Ses05M_script01_2_F009.txt,xxx,"[2.0000, 3.0000, 3.5000]"
Session5/sentences/MOCAP_head/Ses05M_script01_2/Ses05M_script01_2_F010.txt,Session5/sentences/wav/Ses05M_script01_2/Ses05M_script01_2_F010.wav,Session5/sentences/MOCAP_rotated/Ses05M_script01_2/Ses05M_script01_2_F010.txt,xxx,"[2.5000, 2.5000, 3.0000]"
Session5/sentences/MOCAP_head/Ses05M_script01_2/Ses05M_script01_2_F011.txt,Session5/sentences/wav/Ses05M_script01_2/Ses05M_script01_2_F011.wav,Session5/sentences/MOCAP_rotated/Ses05M_script01_2/Ses05M_script01_2_F011.txt,xxx,"[2.0000, 3.0000, 3.5000]"
Session5/sentences/MOCAP_head/Ses05M_script01_2/Ses05M_script01_2_F012.txt,Session5/sentences/wav/Ses05M_script01_2/Ses05M_script01_2_F012.wav,Session5/sentences/MOCAP_rotated/Ses05M_script01_2/Ses05M_script01_2_F012.txt,fru,"[1.5000, 3.5000, 4.0000]"
Session5/sentences/MOCAP_head/Ses05M_script01_2/Ses05M_script01_2_F013.txt,Session5/sentences/wav/Ses05M_script01_2/Ses05M_script01_2_F013.wav,Session5/sentences/MOCAP_rotated/Ses05M_script01_2/Ses05M_script01_2_F013.txt,xxx,"[3.0000, 2.0000, 3.0000]"
Session5/sentences/MOCAP_head/Ses05M_script01_2/Ses05M_script01_2_F014.txt,Session5/sentences/wav/Ses05M_script01_2/Ses05M_script01_2_F014.wav,Session5/sentences/MOCAP_rotated/Ses05M_script01_2/Ses05M_script01_2_F014.txt,xxx,"[3.0000, 3.0000, 3.5000]"
Session5/sentences/MOCAP_head/Ses05M_script01_2/Ses05M_script01_2_F015.txt,Session5/sentences/wav/Ses05M_script01_2/Ses05M_script01_2_F015.wav,Session5/sentences/MOCAP_rotated/Ses05M_script01_2/Ses05M_script01_2_F015.txt,xxx,"[3.0000, 2.5000, 2.5000]"
Session5/sentences/MOCAP_head/Ses05M_script01_2/Ses05M_script01_2_F016.txt,Session5/sentences/wav/Ses05M_script01_2/Ses05M_script01_2_F016.wav,Session5/sentences/MOCAP_rotated/Ses05M_script01_2/Ses05M_script01_2_F016.txt,fru,"[2.5000, 3.0000, 3.5000]"
Session5/sentences/MOCAP_head/Ses05M_script01_2/Ses05M_script01_2_F017.txt,Session5/sentences/wav/Ses05M_script01_2/Ses05M_script01_2_F017.wav,Session5/sentences/MOCAP_rotated/Ses05M_script01_2/Ses05M_script01_2_F017.txt,xxx,"[2.5000, 3.0000, 2.0000]"
Session5/sentences/MOCAP_head/Ses05M_script01_3/Ses05M_script01_3_F000.txt,Session5/sentences/wav/Ses05M_script01_3/Ses05M_script01_3_F000.wav,Session5/sentences/MOCAP_rotated/Ses05M_script01_3/Ses05M_script01_3_F000.txt,xxx,"[2.3333, 2.3333, 2.6667]"
Session5/sentences/MOCAP_head/Ses05M_script01_3/Ses05M_script01_3_F001.txt,Session5/sentences/wav/Ses05M_script01_3/Ses05M_script01_3_F001.wav,Session5/sentences/MOCAP_rotated/Ses05M_script01_3/Ses05M_script01_3_F001.txt,xxx,"[2.3333, 2.6667, 3.3333]"
Session5/sentences/MOCAP_head/Ses05M_script01_3/Ses05M_script01_3_F002.txt,Session5/sentences/wav/Ses05M_script01_3/Ses05M_script01_3_F002.wav,Session5/sentences/MOCAP_rotated/Ses05M_script01_3/Ses05M_script01_3_F002.txt,neu,"[2.3333, 3.3333, 3.6667]"
Session5/sentences/MOCAP_head/Ses05M_script01_3/Ses05M_script01_3_F003.txt,Session5/sentences/wav/Ses05M_script01_3/Ses05M_script01_3_F003.wav,Session5/sentences/MOCAP_rotated/Ses05M_script01_3/Ses05M_script01_3_F003.txt,xxx,"[2.3333, 2.0000, 2.3333]"
Session5/sentences/MOCAP_head/Ses05M_script01_3/Ses05M_script01_3_F004.txt,Session5/sentences/wav/Ses05M_script01_3/Ses05M_script01_3_F004.wav,Session5/sentences/MOCAP_rotated/Ses05M_script01_3/Ses05M_script01_3_F004.txt,neu,"[2.3333, 2.3333, 2.6667]"
Session5/sentences/MOCAP_head/Ses05M_script01_3/Ses05M_script01_3_F005.txt,Session5/sentences/wav/Ses05M_script01_3/Ses05M_script01_3_F005.wav,Session5/sentences/MOCAP_rotated/Ses05M_script01_3/Ses05M_script01_3_F005.txt,ang,"[2.0000, 3.3333, 3.0000]"
Session5/sentences/MOCAP_head/Ses05M_script01_3/Ses05M_script01_3_F006.txt,Session5/sentences/wav/Ses05M_script01_3/Ses05M_script01_3_F006.wav,Session5/sentences/MOCAP_rotated/Ses05M_script01_3/Ses05M_script01_3_F006.txt,xxx,"[2.0000, 3.3333, 3.3333]"
Session5/sentences/MOCAP_head/Ses05M_script01_3/Ses05M_script01_3_F007.txt,Session5/sentences/wav/Ses05M_script01_3/Ses05M_script01_3_F007.wav,Session5/sentences/MOCAP_rotated/Ses05M_script01_3/Ses05M_script01_3_F007.txt,xxx,"[2.0000, 3.3333, 3.6667]"
Session5/sentences/MOCAP_head/Ses05M_script01_3/Ses05M_script01_3_F008.txt,Session5/sentences/wav/Ses05M_script01_3/Ses05M_script01_3_F008.wav,Session5/sentences/MOCAP_rotated/Ses05M_script01_3/Ses05M_script01_3_F008.txt,xxx,"[2.0000, 2.6667, 3.6667]"
Session5/sentences/MOCAP_head/Ses05M_script01_3/Ses05M_script01_3_F009.txt,Session5/sentences/wav/Ses05M_script01_3/Ses05M_script01_3_F009.wav,Session5/sentences/MOCAP_rotated/Ses05M_script01_3/Ses05M_script01_3_F009.txt,xxx,"[2.3333, 3.3333, 3.6667]"
Session5/sentences/MOCAP_head/Ses05M_script01_3/Ses05M_script01_3_F010.txt,Session5/sentences/wav/Ses05M_script01_3/Ses05M_script01_3_F010.wav,Session5/sentences/MOCAP_rotated/Ses05M_script01_3/Ses05M_script01_3_F010.txt,fru,"[2.0000, 4.0000, 4.0000]"
Session5/sentences/MOCAP_head/Ses05M_script01_3/Ses05M_script01_3_F011.txt,Session5/sentences/wav/Ses05M_script01_3/Ses05M_script01_3_F011.wav,Session5/sentences/MOCAP_rotated/Ses05M_script01_3/Ses05M_script01_3_F011.txt,fru,"[1.6667, 4.0000, 4.0000]"
Session5/sentences/MOCAP_head/Ses05M_script01_3/Ses05M_script01_3_F012.txt,Session5/sentences/wav/Ses05M_script01_3/Ses05M_script01_3_F012.wav,Session5/sentences/MOCAP_rotated/Ses05M_script01_3/Ses05M_script01_3_F012.txt,xxx,"[1.6667, 4.3333, 4.3333]"
Session5/sentences/MOCAP_head/Ses05M_script01_3/Ses05M_script01_3_F013.txt,Session5/sentences/wav/Ses05M_script01_3/Ses05M_script01_3_F013.wav,Session5/sentences/MOCAP_rotated/Ses05M_script01_3/Ses05M_script01_3_F013.txt,xxx,"[2.0000, 2.6667, 3.0000]"
Session5/sentences/MOCAP_head/Ses05M_script01_3/Ses05M_script01_3_F014.txt,Session5/sentences/wav/Ses05M_script01_3/Ses05M_script01_3_F014.wav,Session5/sentences/MOCAP_rotated/Ses05M_script01_3/Ses05M_script01_3_F014.txt,fru,"[3.0000, 3.3333, 3.0000]"
Session5/sentences/MOCAP_head/Ses05M_script01_3/Ses05M_script01_3_F015.txt,Session5/sentences/wav/Ses05M_script01_3/Ses05M_script01_3_F015.wav,Session5/sentences/MOCAP_rotated/Ses05M_script01_3/Ses05M_script01_3_F015.txt,ang,"[2.0000, 3.6667, 3.6667]"
Session5/sentences/MOCAP_head/Ses05M_script01_3/Ses05M_script01_3_F016.txt,Session5/sentences/wav/Ses05M_script01_3/Ses05M_script01_3_F016.wav,Session5/sentences/MOCAP_rotated/Ses05M_script01_3/Ses05M_script01_3_F016.txt,xxx,"[2.3333, 2.3333, 2.0000]"
Session5/sentences/MOCAP_head/Ses05M_script01_3/Ses05M_script01_3_F017.txt,Session5/sentences/wav/Ses05M_script01_3/Ses05M_script01_3_F017.wav,Session5/sentences/MOCAP_rotated/Ses05M_script01_3/Ses05M_script01_3_F017.txt,ang,"[2.0000, 3.6667, 2.6667]"
Session5/sentences/MOCAP_head/Ses05M_script01_3/Ses05M_script01_3_F018.txt,Session5/sentences/wav/Ses05M_script01_3/Ses05M_script01_3_F018.wav,Session5/sentences/MOCAP_rotated/Ses05M_script01_3/Ses05M_script01_3_F018.txt,neu,"[3.0000, 2.6667, 2.3333]"
Session5/sentences/MOCAP_head/Ses05M_script01_3/Ses05M_script01_3_F019.txt,Session5/sentences/wav/Ses05M_script01_3/Ses05M_script01_3_F019.wav,Session5/sentences/MOCAP_rotated/Ses05M_script01_3/Ses05M_script01_3_F019.txt,neu,"[3.0000, 3.0000, 2.6667]"
Session5/sentences/MOCAP_head/Ses05M_script01_3/Ses05M_script01_3_F020.txt,Session5/sentences/wav/Ses05M_script01_3/Ses05M_script01_3_F020.wav,Session5/sentences/MOCAP_rotated/Ses05M_script01_3/Ses05M_script01_3_F020.txt,fru,"[2.6667, 3.3333, 3.0000]"
Session5/sentences/MOCAP_head/Ses05M_script01_3/Ses05M_script01_3_F021.txt,Session5/sentences/wav/Ses05M_script01_3/Ses05M_script01_3_F021.wav,Session5/sentences/MOCAP_rotated/Ses05M_script01_3/Ses05M_script01_3_F021.txt,neu,"[2.6667, 3.0000, 2.6667]"
Session5/sentences/MOCAP_head/Ses05M_script01_3/Ses05M_script01_3_F022.txt,Session5/sentences/wav/Ses05M_script01_3/Ses05M_script01_3_F022.wav,Session5/sentences/MOCAP_rotated/Ses05M_script01_3/Ses05M_script01_3_F022.txt,fru,"[3.0000, 3.3333, 2.6667]"
Session5/sentences/MOCAP_head/Ses05M_script01_3/Ses05M_script01_3_F023.txt,Session5/sentences/wav/Ses05M_script01_3/Ses05M_script01_3_F023.wav,Session5/sentences/MOCAP_rotated/Ses05M_script01_3/Ses05M_script01_3_F023.txt,fru,"[2.3333, 3.0000, 2.6667]"
Session5/sentences/MOCAP_head/Ses05M_script01_3/Ses05M_script01_3_F024.txt,Session5/sentences/wav/Ses05M_script01_3/Ses05M_script01_3_F024.wav,Session5/sentences/MOCAP_rotated/Ses05M_script01_3/Ses05M_script01_3_F024.txt,xxx,"[2.6667, 2.6667, 2.6667]"
Session5/sentences/MOCAP_head/Ses05M_script01_3/Ses05M_script01_3_F025.txt,Session5/sentences/wav/Ses05M_script01_3/Ses05M_script01_3_F025.wav,Session5/sentences/MOCAP_rotated/Ses05M_script01_3/Ses05M_script01_3_F025.txt,fru,"[2.0000, 3.3333, 3.0000]"
Session5/sentences/MOCAP_head/Ses05M_script01_3/Ses05M_script01_3_F026.txt,Session5/sentences/wav/Ses05M_script01_3/Ses05M_script01_3_F026.wav,Session5/sentences/MOCAP_rotated/Ses05M_script01_3/Ses05M_script01_3_F026.txt,fru,"[2.6667, 3.3333, 3.0000]"
Session5/sentences/MOCAP_head/Ses05M_script01_3/Ses05M_script01_3_F027.txt,Session5/sentences/wav/Ses05M_script01_3/Ses05M_script01_3_F027.wav,Session5/sentences/MOCAP_rotated/Ses05M_script01_3/Ses05M_script01_3_F027.txt,fru,"[1.6667, 3.6667, 3.0000]"
Session5/sentences/MOCAP_head/Ses05M_script02_1/Ses05M_script02_1_F000.txt,Session5/sentences/wav/Ses05M_script02_1/Ses05M_script02_1_F000.wav,Session5/sentences/MOCAP_rotated/Ses05M_script02_1/Ses05M_script02_1_F000.txt,neu,"[3.5000, 2.0000, 2.5000]"
Session5/sentences/MOCAP_head/Ses05M_script02_1/Ses05M_script02_1_F001.txt,Session5/sentences/wav/Ses05M_script02_1/Ses05M_script02_1_F001.wav,Session5/sentences/MOCAP_rotated/Ses05M_script02_1/Ses05M_script02_1_F001.txt,hap,"[4.0000, 2.5000, 2.5000]"
Session5/sentences/MOCAP_head/Ses05M_script02_1/Ses05M_script02_1_F002.txt,Session5/sentences/wav/Ses05M_script02_1/Ses05M_script02_1_F002.wav,Session5/sentences/MOCAP_rotated/Ses05M_script02_1/Ses05M_script02_1_F002.txt,xxx,"[3.5000, 2.0000, 3.0000]"
Session5/sentences/MOCAP_head/Ses05M_script02_1/Ses05M_script02_1_F003.txt,Session5/sentences/wav/Ses05M_script02_1/Ses05M_script02_1_F003.wav,Session5/sentences/MOCAP_rotated/Ses05M_script02_1/Ses05M_script02_1_F003.txt,neu,"[3.0000, 2.0000, 3.0000]"
Session5/sentences/MOCAP_head/Ses05M_script02_1/Ses05M_script02_1_F004.txt,Session5/sentences/wav/Ses05M_script02_1/Ses05M_script02_1_F004.wav,Session5/sentences/MOCAP_rotated/Ses05M_script02_1/Ses05M_script02_1_F004.txt,xxx,"[3.0000, 2.0000, 2.0000]"
Session5/sentences/MOCAP_head/Ses05M_script02_1/Ses05M_script02_1_F005.txt,Session5/sentences/wav/Ses05M_script02_1/Ses05M_script02_1_F005.wav,Session5/sentences/MOCAP_rotated/Ses05M_script02_1/Ses05M_script02_1_F005.txt,xxx,"[2.5000, 3.0000, 2.5000]"
Session5/sentences/MOCAP_head/Ses05M_script02_1/Ses05M_script02_1_F006.txt,Session5/sentences/wav/Ses05M_script02_1/Ses05M_script02_1_F006.wav,Session5/sentences/MOCAP_rotated/Ses05M_script02_1/Ses05M_script02_1_F006.txt,neu,"[3.5000, 2.0000, 3.0000]"
Session5/sentences/MOCAP_head/Ses05M_script02_1/Ses05M_script02_1_F007.txt,Session5/sentences/wav/Ses05M_script02_1/Ses05M_script02_1_F007.wav,Session5/sentences/MOCAP_rotated/Ses05M_script02_1/Ses05M_script02_1_F007.txt,neu,"[3.0000, 3.0000, 3.0000]"
Session5/sentences/MOCAP_head/Ses05M_script02_1/Ses05M_script02_1_F008.txt,Session5/sentences/wav/Ses05M_script02_1/Ses05M_script02_1_F008.wav,Session5/sentences/MOCAP_rotated/Ses05M_script02_1/Ses05M_script02_1_F008.txt,xxx,"[4.0000, 2.0000, 2.5000]"
Session5/sentences/MOCAP_head/Ses05M_script02_1/Ses05M_script02_1_F009.txt,Session5/sentences/wav/Ses05M_script02_1/Ses05M_script02_1_F009.wav,Session5/sentences/MOCAP_rotated/Ses05M_script02_1/Ses05M_script02_1_F009.txt,hap,"[4.0000, 2.5000, 3.0000]"
Session5/sentences/MOCAP_head/Ses05M_script02_1/Ses05M_script02_1_F010.txt,Session5/sentences/wav/Ses05M_script02_1/Ses05M_script02_1_F010.wav,Session5/sentences/MOCAP_rotated/Ses05M_script02_1/Ses05M_script02_1_F010.txt,sad,"[3.0000, 2.0000, 2.5000]"
Session5/sentences/MOCAP_head/Ses05M_script02_1/Ses05M_script02_1_F011.txt,Session5/sentences/wav/Ses05M_script02_1/Ses05M_script02_1_F011.wav,Session5/sentences/MOCAP_rotated/Ses05M_script02_1/Ses05M_script02_1_F011.txt,xxx,"[4.0000, 3.0000, 3.0000]"
Session5/sentences/MOCAP_head/Ses05M_script02_1/Ses05M_script02_1_F012.txt,Session5/sentences/wav/Ses05M_script02_1/Ses05M_script02_1_F012.wav,Session5/sentences/MOCAP_rotated/Ses05M_script02_1/Ses05M_script02_1_F012.txt,hap,"[4.5000, 3.0000, 2.5000]"
Session5/sentences/MOCAP_head/Ses05M_script02_1/Ses05M_script02_1_F013.txt,Session5/sentences/wav/Ses05M_script02_1/Ses05M_script02_1_F013.wav,Session5/sentences/MOCAP_rotated/Ses05M_script02_1/Ses05M_script02_1_F013.txt,exc,"[4.0000, 3.5000, 3.0000]"
Session5/sentences/MOCAP_head/Ses05M_script02_1/Ses05M_script02_1_F014.txt,Session5/sentences/wav/Ses05M_script02_1/Ses05M_script02_1_F014.wav,Session5/sentences/MOCAP_rotated/Ses05M_script02_1/Ses05M_script02_1_F014.txt,xxx,"[5.0000, 4.0000, 3.5000]"
Session5/sentences/MOCAP_head/Ses05M_script02_1/Ses05M_script02_1_F015.txt,Session5/sentences/wav/Ses05M_script02_1/Ses05M_script02_1_F015.wav,Session5/sentences/MOCAP_rotated/Ses05M_script02_1/Ses05M_script02_1_F015.txt,exc,"[3.0000, 3.0000, 3.5000]"
Session5/sentences/MOCAP_head/Ses05M_script02_1/Ses05M_script02_1_F016.txt,Session5/sentences/wav/Ses05M_script02_1/Ses05M_script02_1_F016.wav,Session5/sentences/MOCAP_rotated/Ses05M_script02_1/Ses05M_script02_1_F016.txt,sad,"[2.5000, 3.0000, 3.5000]"
Session5/sentences/MOCAP_head/Ses05M_script02_1/Ses05M_script02_1_F017.txt,Session5/sentences/wav/Ses05M_script02_1/Ses05M_script02_1_F017.wav,Session5/sentences/MOCAP_rotated/Ses05M_script02_1/Ses05M_script02_1_F017.txt,xxx,"[2.5000, 3.5000, 3.5000]"
Session5/sentences/MOCAP_head/Ses05M_script02_1/Ses05M_script02_1_F018.txt,Session5/sentences/wav/Ses05M_script02_1/Ses05M_script02_1_F018.wav,Session5/sentences/MOCAP_rotated/Ses05M_script02_1/Ses05M_script02_1_F018.txt,xxx,"[2.0000, 2.0000, 3.5000]"
Session5/sentences/MOCAP_head/Ses05M_script02_1/Ses05M_script02_1_F019.txt,Session5/sentences/wav/Ses05M_script02_1/Ses05M_script02_1_F019.wav,Session5/sentences/MOCAP_rotated/Ses05M_script02_1/Ses05M_script02_1_F019.txt,sad,"[2.0000, 3.0000, 2.0000]"
Session5/sentences/MOCAP_head/Ses05M_script02_1/Ses05M_script02_1_F020.txt,Session5/sentences/wav/Ses05M_script02_1/Ses05M_script02_1_F020.wav,Session5/sentences/MOCAP_rotated/Ses05M_script02_1/Ses05M_script02_1_F020.txt,sad,"[2.5000, 2.0000, 2.5000]"
Session5/sentences/MOCAP_head/Ses05M_script02_2/Ses05M_script02_2_F000.txt,Session5/sentences/wav/Ses05M_script02_2/Ses05M_script02_2_F000.wav,Session5/sentences/MOCAP_rotated/Ses05M_script02_2/Ses05M_script02_2_F000.txt,sad,"[3.0000, 2.0000, 2.5000]"
Session5/sentences/MOCAP_head/Ses05M_script02_2/Ses05M_script02_2_F001.txt,Session5/sentences/wav/Ses05M_script02_2/Ses05M_script02_2_F001.wav,Session5/sentences/MOCAP_rotated/Ses05M_script02_2/Ses05M_script02_2_F001.txt,neu,"[3.0000, 3.0000, 2.5000]"
Session5/sentences/MOCAP_head/Ses05M_script02_2/Ses05M_script02_2_F002.txt,Session5/sentences/wav/Ses05M_script02_2/Ses05M_script02_2_F002.wav,Session5/sentences/MOCAP_rotated/Ses05M_script02_2/Ses05M_script02_2_F002.txt,xxx,"[2.0000, 2.5000, 3.5000]"
Session5/sentences/MOCAP_head/Ses05M_script02_2/Ses05M_script02_2_F003.txt,Session5/sentences/wav/Ses05M_script02_2/Ses05M_script02_2_F003.wav,Session5/sentences/MOCAP_rotated/Ses05M_script02_2/Ses05M_script02_2_F003.txt,xxx,"[2.5000, 2.0000, 4.0000]"
Session5/sentences/MOCAP_head/Ses05M_script02_2/Ses05M_script02_2_F004.txt,Session5/sentences/wav/Ses05M_script02_2/Ses05M_script02_2_F004.wav,Session5/sentences/MOCAP_rotated/Ses05M_script02_2/Ses05M_script02_2_F004.txt,xxx,"[3.0000, 1.5000, 2.5000]"
Session5/sentences/MOCAP_head/Ses05M_script02_2/Ses05M_script02_2_F005.txt,Session5/sentences/wav/Ses05M_script02_2/Ses05M_script02_2_F005.wav,Session5/sentences/MOCAP_rotated/Ses05M_script02_2/Ses05M_script02_2_F005.txt,xxx,"[2.5000, 2.0000, 3.0000]"
Session5/sentences/MOCAP_head/Ses05M_script02_2/Ses05M_script02_2_F006.txt,Session5/sentences/wav/Ses05M_script02_2/Ses05M_script02_2_F006.wav,Session5/sentences/MOCAP_rotated/Ses05M_script02_2/Ses05M_script02_2_F006.txt,xxx,"[2.0000, 3.0000, 3.5000]"
Session5/sentences/MOCAP_head/Ses05M_script02_2/Ses05M_script02_2_F007.txt,Session5/sentences/wav/Ses05M_script02_2/Ses05M_script02_2_F007.wav,Session5/sentences/MOCAP_rotated/Ses05M_script02_2/Ses05M_script02_2_F007.txt,xxx,"[2.0000, 2.0000, 3.0000]"
Session5/sentences/MOCAP_head/Ses05M_script02_2/Ses05M_script02_2_F008.txt,Session5/sentences/wav/Ses05M_script02_2/Ses05M_script02_2_F008.wav,Session5/sentences/MOCAP_rotated/Ses05M_script02_2/Ses05M_script02_2_F008.txt,xxx,"[2.0000, 3.0000, 3.5000]"
Session5/sentences/MOCAP_head/Ses05M_script02_2/Ses05M_script02_2_F009.txt,Session5/sentences/wav/Ses05M_script02_2/Ses05M_script02_2_F009.wav,Session5/sentences/MOCAP_rotated/Ses05M_script02_2/Ses05M_script02_2_F009.txt,xxx,"[2.0000, 3.0000, 3.5000]"
Session5/sentences/MOCAP_head/Ses05M_script02_2/Ses05M_script02_2_F010.txt,Session5/sentences/wav/Ses05M_script02_2/Ses05M_script02_2_F010.wav,Session5/sentences/MOCAP_rotated/Ses05M_script02_2/Ses05M_script02_2_F010.txt,xxx,"[2.0000, 1.5000, 3.0000]"
Session5/sentences/MOCAP_head/Ses05M_script02_2/Ses05M_script02_2_F011.txt,Session5/sentences/wav/Ses05M_script02_2/Ses05M_script02_2_F011.wav,Session5/sentences/MOCAP_rotated/Ses05M_script02_2/Ses05M_script02_2_F011.txt,xxx,"[2.5000, 2.0000, 3.0000]"
Session5/sentences/MOCAP_head/Ses05M_script02_2/Ses05M_script02_2_F012.txt,Session5/sentences/wav/Ses05M_script02_2/Ses05M_script02_2_F012.wav,Session5/sentences/MOCAP_rotated/Ses05M_script02_2/Ses05M_script02_2_F012.txt,xxx,"[2.0000, 3.0000, 3.5000]"
Session5/sentences/MOCAP_head/Ses05M_script02_2/Ses05M_script02_2_F013.txt,Session5/sentences/wav/Ses05M_script02_2/Ses05M_script02_2_F013.wav,Session5/sentences/MOCAP_rotated/Ses05M_script02_2/Ses05M_script02_2_F013.txt,fru,"[1.0000, 4.0000, 4.5000]"
Session5/sentences/MOCAP_head/Ses05M_script02_2/Ses05M_script02_2_F014.txt,Session5/sentences/wav/Ses05M_script02_2/Ses05M_script02_2_F014.wav,Session5/sentences/MOCAP_rotated/Ses05M_script02_2/Ses05M_script02_2_F014.txt,fru,"[1.5000, 4.0000, 4.5000]"
Session5/sentences/MOCAP_head/Ses05M_script02_2/Ses05M_script02_2_F015.txt,Session5/sentences/wav/Ses05M_script02_2/Ses05M_script02_2_F015.wav,Session5/sentences/MOCAP_rotated/Ses05M_script02_2/Ses05M_script02_2_F015.txt,fru,"[2.0000, 4.0000, 4.0000]"
Session5/sentences/MOCAP_head/Ses05M_script02_2/Ses05M_script02_2_F016.txt,Session5/sentences/wav/Ses05M_script02_2/Ses05M_script02_2_F016.wav,Session5/sentences/MOCAP_rotated/Ses05M_script02_2/Ses05M_script02_2_F016.txt,sad,"[2.0000, 2.5000, 3.0000]"
Session5/sentences/MOCAP_head/Ses05M_script02_2/Ses05M_script02_2_F017.txt,Session5/sentences/wav/Ses05M_script02_2/Ses05M_script02_2_F017.wav,Session5/sentences/MOCAP_rotated/Ses05M_script02_2/Ses05M_script02_2_F017.txt,xxx,"[2.5000, 2.0000, 2.5000]"
Session5/sentences/MOCAP_head/Ses05M_script02_2/Ses05M_script02_2_F018.txt,Session5/sentences/wav/Ses05M_script02_2/Ses05M_script02_2_F018.wav,Session5/sentences/MOCAP_rotated/Ses05M_script02_2/Ses05M_script02_2_F018.txt,fru,"[1.5000, 4.0000, 4.5000]"
Session5/sentences/MOCAP_head/Ses05M_script02_2/Ses05M_script02_2_F019.txt,Session5/sentences/wav/Ses05M_script02_2/Ses05M_script02_2_F019.wav,Session5/sentences/MOCAP_rotated/Ses05M_script02_2/Ses05M_script02_2_F019.txt,fru,"[2.5000, 2.5000, 3.5000]"
Session5/sentences/MOCAP_head/Ses05M_script02_2/Ses05M_script02_2_F020.txt,Session5/sentences/wav/Ses05M_script02_2/Ses05M_script02_2_F020.wav,Session5/sentences/MOCAP_rotated/Ses05M_script02_2/Ses05M_script02_2_F020.txt,xxx,"[3.0000, 2.0000, 2.5000]"
Session5/sentences/MOCAP_head/Ses05M_script02_2/Ses05M_script02_2_F021.txt,Session5/sentences/wav/Ses05M_script02_2/Ses05M_script02_2_F021.wav,Session5/sentences/MOCAP_rotated/Ses05M_script02_2/Ses05M_script02_2_F021.txt,exc,"[5.0000, 4.5000, 4.0000]"
Session5/sentences/MOCAP_head/Ses05M_script02_2/Ses05M_script02_2_F022.txt,Session5/sentences/wav/Ses05M_script02_2/Ses05M_script02_2_F022.wav,Session5/sentences/MOCAP_rotated/Ses05M_script02_2/Ses05M_script02_2_F022.txt,exc,"[4.0000, 4.0000, 4.0000]"
Session5/sentences/MOCAP_head/Ses05M_script02_2/Ses05M_script02_2_F023.txt,Session5/sentences/wav/Ses05M_script02_2/Ses05M_script02_2_F023.wav,Session5/sentences/MOCAP_rotated/Ses05M_script02_2/Ses05M_script02_2_F023.txt,exc,"[4.0000, 4.5000, 4.5000]"
Session5/sentences/MOCAP_head/Ses05M_script02_2/Ses05M_script02_2_F024.txt,Session5/sentences/wav/Ses05M_script02_2/Ses05M_script02_2_F024.wav,Session5/sentences/MOCAP_rotated/Ses05M_script02_2/Ses05M_script02_2_F024.txt,exc,"[2.0000, 4.0000, 4.5000]"
Session5/sentences/MOCAP_head/Ses05M_script02_2/Ses05M_script02_2_F025.txt,Session5/sentences/wav/Ses05M_script02_2/Ses05M_script02_2_F025.wav,Session5/sentences/MOCAP_rotated/Ses05M_script02_2/Ses05M_script02_2_F025.txt,xxx,"[3.0000, 2.0000, 2.5000]"
Session5/sentences/MOCAP_head/Ses05M_script02_2/Ses05M_script02_2_F026.txt,Session5/sentences/wav/Ses05M_script02_2/Ses05M_script02_2_F026.wav,Session5/sentences/MOCAP_rotated/Ses05M_script02_2/Ses05M_script02_2_F026.txt,exc,"[4.0000, 4.0000, 4.0000]"
Session5/sentences/MOCAP_head/Ses05M_script02_2/Ses05M_script02_2_F027.txt,Session5/sentences/wav/Ses05M_script02_2/Ses05M_script02_2_F027.wav,Session5/sentences/MOCAP_rotated/Ses05M_script02_2/Ses05M_script02_2_F027.txt,exc,"[4.0000, 4.0000, 4.0000]"
Session5/sentences/MOCAP_head/Ses05M_script02_2/Ses05M_script02_2_F028.txt,Session5/sentences/wav/Ses05M_script02_2/Ses05M_script02_2_F028.wav,Session5/sentences/MOCAP_rotated/Ses05M_script02_2/Ses05M_script02_2_F028.txt,exc,"[3.0000, 4.0000, 4.5000]"
Session5/sentences/MOCAP_head/Ses05M_script02_2/Ses05M_script02_2_F029.txt,Session5/sentences/wav/Ses05M_script02_2/Ses05M_script02_2_F029.wav,Session5/sentences/MOCAP_rotated/Ses05M_script02_2/Ses05M_script02_2_F029.txt,exc,"[3.0000, 4.0000, 4.0000]"
Session5/sentences/MOCAP_head/Ses05M_script02_2/Ses05M_script02_2_F030.txt,Session5/sentences/wav/Ses05M_script02_2/Ses05M_script02_2_F030.wav,Session5/sentences/MOCAP_rotated/Ses05M_script02_2/Ses05M_script02_2_F030.txt,exc,"[3.5000, 4.0000, 4.5000]"
Session5/sentences/MOCAP_head/Ses05M_script02_2/Ses05M_script02_2_F031.txt,Session5/sentences/wav/Ses05M_script02_2/Ses05M_script02_2_F031.wav,Session5/sentences/MOCAP_rotated/Ses05M_script02_2/Ses05M_script02_2_F031.txt,exc,"[2.5000, 4.0000, 3.5000]"
Session5/sentences/MOCAP_head/Ses05M_script02_2/Ses05M_script02_2_F032.txt,Session5/sentences/wav/Ses05M_script02_2/Ses05M_script02_2_F032.wav,Session5/sentences/MOCAP_rotated/Ses05M_script02_2/Ses05M_script02_2_F032.txt,xxx,"[2.0000, 4.0000, 4.0000]"
Session5/sentences/MOCAP_head/Ses05M_script02_2/Ses05M_script02_2_F033.txt,Session5/sentences/wav/Ses05M_script02_2/Ses05M_script02_2_F033.wav,Session5/sentences/MOCAP_rotated/Ses05M_script02_2/Ses05M_script02_2_F033.txt,xxx,"[4.0000, 3.0000, 3.5000]"
Session5/sentences/MOCAP_head/Ses05M_script02_2/Ses05M_script02_2_F034.txt,Session5/sentences/wav/Ses05M_script02_2/Ses05M_script02_2_F034.wav,Session5/sentences/MOCAP_rotated/Ses05M_script02_2/Ses05M_script02_2_F034.txt,xxx,"[4.0000, 4.0000, 3.5000]"
Session5/sentences/MOCAP_head/Ses05M_script02_2/Ses05M_script02_2_F035.txt,Session5/sentences/wav/Ses05M_script02_2/Ses05M_script02_2_F035.wav,Session5/sentences/MOCAP_rotated/Ses05M_script02_2/Ses05M_script02_2_F035.txt,xxx,"[2.0000, 4.0000, 4.5000]"
Session5/sentences/MOCAP_head/Ses05M_script02_2/Ses05M_script02_2_F036.txt,Session5/sentences/wav/Ses05M_script02_2/Ses05M_script02_2_F036.wav,Session5/sentences/MOCAP_rotated/Ses05M_script02_2/Ses05M_script02_2_F036.txt,xxx,"[2.0000, 3.5000, 3.5000]"
Session5/sentences/MOCAP_head/Ses05M_script02_2/Ses05M_script02_2_F037.txt,Session5/sentences/wav/Ses05M_script02_2/Ses05M_script02_2_F037.wav,Session5/sentences/MOCAP_rotated/Ses05M_script02_2/Ses05M_script02_2_F037.txt,fru,"[1.5000, 3.5000, 3.5000]"
Session5/sentences/MOCAP_head/Ses05M_script02_2/Ses05M_script02_2_F038.txt,Session5/sentences/wav/Ses05M_script02_2/Ses05M_script02_2_F038.wav,Session5/sentences/MOCAP_rotated/Ses05M_script02_2/Ses05M_script02_2_F038.txt,exc,"[3.0000, 4.0000, 4.5000]"
Session5/sentences/MOCAP_head/Ses05M_script03_1/Ses05M_script03_1_F000.txt,Session5/sentences/wav/Ses05M_script03_1/Ses05M_script03_1_F000.wav,Session5/sentences/MOCAP_rotated/Ses05M_script03_1/Ses05M_script03_1_F000.txt,neu,"[3.0000, 2.0000, 2.0000]"
Session5/sentences/MOCAP_head/Ses05M_script03_1/Ses05M_script03_1_F001.txt,Session5/sentences/wav/Ses05M_script03_1/Ses05M_script03_1_F001.wav,Session5/sentences/MOCAP_rotated/Ses05M_script03_1/Ses05M_script03_1_F001.txt,neu,"[2.6667, 2.0000, 2.0000]"
Session5/sentences/MOCAP_head/Ses05M_script03_1/Ses05M_script03_1_F002.txt,Session5/sentences/wav/Ses05M_script03_1/Ses05M_script03_1_F002.wav,Session5/sentences/MOCAP_rotated/Ses05M_script03_1/Ses05M_script03_1_F002.txt,xxx,"[2.3333, 3.0000, 3.0000]"
Session5/sentences/MOCAP_head/Ses05M_script03_1/Ses05M_script03_1_F003.txt,Session5/sentences/wav/Ses05M_script03_1/Ses05M_script03_1_F003.wav,Session5/sentences/MOCAP_rotated/Ses05M_script03_1/Ses05M_script03_1_F003.txt,xxx,"[2.3333, 3.3333, 3.3333]"
Session5/sentences/MOCAP_head/Ses05M_script03_1/Ses05M_script03_1_F004.txt,Session5/sentences/wav/Ses05M_script03_1/Ses05M_script03_1_F004.wav,Session5/sentences/MOCAP_rotated/Ses05M_script03_1/Ses05M_script03_1_F004.txt,fru,"[2.0000, 3.6667, 2.6667]"
Session5/sentences/MOCAP_head/Ses05M_script03_1/Ses05M_script03_1_F005.txt,Session5/sentences/wav/Ses05M_script03_1/Ses05M_script03_1_F005.wav,Session5/sentences/MOCAP_rotated/Ses05M_script03_1/Ses05M_script03_1_F005.txt,ang,"[1.6667, 4.3333, 3.6667]"
Session5/sentences/MOCAP_head/Ses05M_script03_1/Ses05M_script03_1_F006.txt,Session5/sentences/wav/Ses05M_script03_1/Ses05M_script03_1_F006.wav,Session5/sentences/MOCAP_rotated/Ses05M_script03_1/Ses05M_script03_1_F006.txt,fru,"[2.0000, 3.6667, 2.6667]"
Session5/sentences/MOCAP_head/Ses05M_script03_1/Ses05M_script03_1_F007.txt,Session5/sentences/wav/Ses05M_script03_1/Ses05M_script03_1_F007.wav,Session5/sentences/MOCAP_rotated/Ses05M_script03_1/Ses05M_script03_1_F007.txt,xxx,"[2.0000, 3.3333, 2.6667]"
Session5/sentences/MOCAP_head/Ses05M_script03_1/Ses05M_script03_1_F008.txt,Session5/sentences/wav/Ses05M_script03_1/Ses05M_script03_1_F008.wav,Session5/sentences/MOCAP_rotated/Ses05M_script03_1/Ses05M_script03_1_F008.txt,fru,"[2.3333, 2.6667, 2.6667]"
Session5/sentences/MOCAP_head/Ses05M_script03_1/Ses05M_script03_1_F009.txt,Session5/sentences/wav/Ses05M_script03_1/Ses05M_script03_1_F009.wav,Session5/sentences/MOCAP_rotated/Ses05M_script03_1/Ses05M_script03_1_F009.txt,ang,"[2.3333, 3.3333, 3.0000]"
Session5/sentences/MOCAP_head/Ses05M_script03_1/Ses05M_script03_1_F010.txt,Session5/sentences/wav/Ses05M_script03_1/Ses05M_script03_1_F010.wav,Session5/sentences/MOCAP_rotated/Ses05M_script03_1/Ses05M_script03_1_F010.txt,ang,"[1.6667, 4.0000, 4.0000]"
Session5/sentences/MOCAP_head/Ses05M_script03_1/Ses05M_script03_1_F011.txt,Session5/sentences/wav/Ses05M_script03_1/Ses05M_script03_1_F011.wav,Session5/sentences/MOCAP_rotated/Ses05M_script03_1/Ses05M_script03_1_F011.txt,fru,"[2.3333, 3.0000, 3.0000]"
Session5/sentences/MOCAP_head/Ses05M_script03_1/Ses05M_script03_1_F012.txt,Session5/sentences/wav/Ses05M_script03_1/Ses05M_script03_1_F012.wav,Session5/sentences/MOCAP_rotated/Ses05M_script03_1/Ses05M_script03_1_F012.txt,sad,"[2.0000, 2.6667, 2.3333]"
Session5/sentences/MOCAP_head/Ses05M_script03_1/Ses05M_script03_1_F013.txt,Session5/sentences/wav/Ses05M_script03_1/Ses05M_script03_1_F013.wav,Session5/sentences/MOCAP_rotated/Ses05M_script03_1/Ses05M_script03_1_F013.txt,sad,"[2.3333, 2.3333, 2.6667]"
Session5/sentences/MOCAP_head/Ses05M_script03_1/Ses05M_script03_1_F014.txt,Session5/sentences/wav/Ses05M_script03_1/Ses05M_script03_1_F014.wav,Session5/sentences/MOCAP_rotated/Ses05M_script03_1/Ses05M_script03_1_F014.txt,sad,"[2.0000, 2.3333, 2.3333]"
Session5/sentences/MOCAP_head/Ses05M_script03_1/Ses05M_script03_1_F015.txt,Session5/sentences/wav/Ses05M_script03_1/Ses05M_script03_1_F015.wav,Session5/sentences/MOCAP_rotated/Ses05M_script03_1/Ses05M_script03_1_F015.txt,sad,"[2.0000, 1.6667, 1.6667]"
Session5/sentences/MOCAP_head/Ses05M_script03_1/Ses05M_script03_1_F016.txt,Session5/sentences/wav/Ses05M_script03_1/Ses05M_script03_1_F016.wav,Session5/sentences/MOCAP_rotated/Ses05M_script03_1/Ses05M_script03_1_F016.txt,sad,"[2.0000, 2.0000, 2.0000]"
Session5/sentences/MOCAP_head/Ses05M_script03_1/Ses05M_script03_1_F017.txt,Session5/sentences/wav/Ses05M_script03_1/Ses05M_script03_1_F017.wav,Session5/sentences/MOCAP_rotated/Ses05M_script03_1/Ses05M_script03_1_F017.txt,sad,"[2.3333, 1.3333, 1.6667]"
Session5/sentences/MOCAP_head/Ses05M_script03_1/Ses05M_script03_1_F018.txt,Session5/sentences/wav/Ses05M_script03_1/Ses05M_script03_1_F018.wav,Session5/sentences/MOCAP_rotated/Ses05M_script03_1/Ses05M_script03_1_F018.txt,sad,"[2.3333, 2.3333, 1.6667]"
Session5/sentences/MOCAP_head/Ses05M_script03_1/Ses05M_script03_1_F019.txt,Session5/sentences/wav/Ses05M_script03_1/Ses05M_script03_1_F019.wav,Session5/sentences/MOCAP_rotated/Ses05M_script03_1/Ses05M_script03_1_F019.txt,sad,"[2.0000, 2.0000, 1.6667]"
Session5/sentences/MOCAP_head/Ses05M_script03_1/Ses05M_script03_1_F020.txt,Session5/sentences/wav/Ses05M_script03_1/Ses05M_script03_1_F020.wav,Session5/sentences/MOCAP_rotated/Ses05M_script03_1/Ses05M_script03_1_F020.txt,xxx,"[3.6667, 2.6667, 2.3333]"
Session5/sentences/MOCAP_head/Ses05M_script03_1/Ses05M_script03_1_F021.txt,Session5/sentences/wav/Ses05M_script03_1/Ses05M_script03_1_F021.wav,Session5/sentences/MOCAP_rotated/Ses05M_script03_1/Ses05M_script03_1_F021.txt,xxx,"[2.0000, 2.6667, 2.6667]"
Session5/sentences/MOCAP_head/Ses05M_script03_1/Ses05M_script03_1_F022.txt,Session5/sentences/wav/Ses05M_script03_1/Ses05M_script03_1_F022.wav,Session5/sentences/MOCAP_rotated/Ses05M_script03_1/Ses05M_script03_1_F022.txt,sad,"[2.3333, 2.0000, 2.0000]"
Session5/sentences/MOCAP_head/Ses05M_script03_1/Ses05M_script03_1_F023.txt,Session5/sentences/wav/Ses05M_script03_1/Ses05M_script03_1_F023.wav,Session5/sentences/MOCAP_rotated/Ses05M_script03_1/Ses05M_script03_1_F023.txt,sad,"[1.6667, 2.6667, 2.3333]"
Session5/sentences/MOCAP_head/Ses05M_script03_1/Ses05M_script03_1_F024.txt,Session5/sentences/wav/Ses05M_script03_1/Ses05M_script03_1_F024.wav,Session5/sentences/MOCAP_rotated/Ses05M_script03_1/Ses05M_script03_1_F024.txt,xxx,"[2.0000, 3.0000, 2.6667]"
Session5/sentences/MOCAP_head/Ses05M_script03_1/Ses05M_script03_1_F025.txt,Session5/sentences/wav/Ses05M_script03_1/Ses05M_script03_1_F025.wav,Session5/sentences/MOCAP_rotated/Ses05M_script03_1/Ses05M_script03_1_F025.txt,xxx,"[2.0000, 3.0000, 3.3333]"
Session5/sentences/MOCAP_head/Ses05M_script03_1/Ses05M_script03_1_F026.txt,Session5/sentences/wav/Ses05M_script03_1/Ses05M_script03_1_F026.wav,Session5/sentences/MOCAP_rotated/Ses05M_script03_1/Ses05M_script03_1_F026.txt,sad,"[2.0000, 2.3333, 2.0000]"
Session5/sentences/MOCAP_head/Ses05M_script03_1/Ses05M_script03_1_F027.txt,Session5/sentences/wav/Ses05M_script03_1/Ses05M_script03_1_F027.wav,Session5/sentences/MOCAP_rotated/Ses05M_script03_1/Ses05M_script03_1_F027.txt,sad,"[2.0000, 2.6667, 2.0000]"
Session5/sentences/MOCAP_head/Ses05M_script03_1/Ses05M_script03_1_F028.txt,Session5/sentences/wav/Ses05M_script03_1/Ses05M_script03_1_F028.wav,Session5/sentences/MOCAP_rotated/Ses05M_script03_1/Ses05M_script03_1_F028.txt,sad,"[2.3333, 2.3333, 2.0000]"
Session5/sentences/MOCAP_head/Ses05M_script03_1/Ses05M_script03_1_F029.txt,Session5/sentences/wav/Ses05M_script03_1/Ses05M_script03_1_F029.wav,Session5/sentences/MOCAP_rotated/Ses05M_script03_1/Ses05M_script03_1_F029.txt,sad,"[2.3333, 1.6667, 2.0000]"
Session5/sentences/MOCAP_head/Ses05M_script03_1/Ses05M_script03_1_F030.txt,Session5/sentences/wav/Ses05M_script03_1/Ses05M_script03_1_F030.wav,Session5/sentences/MOCAP_rotated/Ses05M_script03_1/Ses05M_script03_1_F030.txt,sad,"[2.0000, 2.0000, 2.0000]"
Session5/sentences/MOCAP_head/Ses05M_script03_1/Ses05M_script03_1_F031.txt,Session5/sentences/wav/Ses05M_script03_1/Ses05M_script03_1_F031.wav,Session5/sentences/MOCAP_rotated/Ses05M_script03_1/Ses05M_script03_1_F031.txt,sad,"[1.6667, 2.0000, 2.0000]"
Session5/sentences/MOCAP_head/Ses05M_script03_2/Ses05M_script03_2_F000.txt,Session5/sentences/wav/Ses05M_script03_2/Ses05M_script03_2_F000.wav,Session5/sentences/MOCAP_rotated/Ses05M_script03_2/Ses05M_script03_2_F000.txt,fea,"[3.5000, 3.0000, 3.0000]"
Session5/sentences/MOCAP_head/Ses05M_script03_2/Ses05M_script03_2_F001.txt,Session5/sentences/wav/Ses05M_script03_2/Ses05M_script03_2_F001.wav,Session5/sentences/MOCAP_rotated/Ses05M_script03_2/Ses05M_script03_2_F001.txt,exc,"[2.5000, 4.0000, 3.0000]"
Session5/sentences/MOCAP_head/Ses05M_script03_2/Ses05M_script03_2_F002.txt,Session5/sentences/wav/Ses05M_script03_2/Ses05M_script03_2_F002.wav,Session5/sentences/MOCAP_rotated/Ses05M_script03_2/Ses05M_script03_2_F002.txt,exc,"[2.5000, 3.0000, 2.5000]"
Session5/sentences/MOCAP_head/Ses05M_script03_2/Ses05M_script03_2_F003.txt,Session5/sentences/wav/Ses05M_script03_2/Ses05M_script03_2_F003.wav,Session5/sentences/MOCAP_rotated/Ses05M_script03_2/Ses05M_script03_2_F003.txt,exc,"[4.0000, 3.0000, 3.5000]"
Session5/sentences/MOCAP_head/Ses05M_script03_2/Ses05M_script03_2_F004.txt,Session5/sentences/wav/Ses05M_script03_2/Ses05M_script03_2_F004.wav,Session5/sentences/MOCAP_rotated/Ses05M_script03_2/Ses05M_script03_2_F004.txt,exc,"[4.0000, 3.0000, 3.0000]"
Session5/sentences/MOCAP_head/Ses05M_script03_2/Ses05M_script03_2_F005.txt,Session5/sentences/wav/Ses05M_script03_2/Ses05M_script03_2_F005.wav,Session5/sentences/MOCAP_rotated/Ses05M_script03_2/Ses05M_script03_2_F005.txt,exc,"[4.0000, 4.5000, 3.5000]"
Session5/sentences/MOCAP_head/Ses05M_script03_2/Ses05M_script03_2_F006.txt,Session5/sentences/wav/Ses05M_script03_2/Ses05M_script03_2_F006.wav,Session5/sentences/MOCAP_rotated/Ses05M_script03_2/Ses05M_script03_2_F006.txt,xxx,"[4.0000, 3.0000, 3.0000]"
Session5/sentences/MOCAP_head/Ses05M_script03_2/Ses05M_script03_2_F007.txt,Session5/sentences/wav/Ses05M_script03_2/Ses05M_script03_2_F007.wav,Session5/sentences/MOCAP_rotated/Ses05M_script03_2/Ses05M_script03_2_F007.txt,xxx,"[4.0000, 3.0000, 3.0000]"
Session5/sentences/MOCAP_head/Ses05M_script03_2/Ses05M_script03_2_F008.txt,Session5/sentences/wav/Ses05M_script03_2/Ses05M_script03_2_F008.wav,Session5/sentences/MOCAP_rotated/Ses05M_script03_2/Ses05M_script03_2_F008.txt,xxx,"[2.5000, 3.0000, 3.5000]"
Session5/sentences/MOCAP_head/Ses05M_script03_2/Ses05M_script03_2_F009.txt,Session5/sentences/wav/Ses05M_script03_2/Ses05M_script03_2_F009.wav,Session5/sentences/MOCAP_rotated/Ses05M_script03_2/Ses05M_script03_2_F009.txt,xxx,"[2.5000, 3.5000, 3.0000]"
Session5/sentences/MOCAP_head/Ses05M_script03_2/Ses05M_script03_2_F010.txt,Session5/sentences/wav/Ses05M_script03_2/Ses05M_script03_2_F010.wav,Session5/sentences/MOCAP_rotated/Ses05M_script03_2/Ses05M_script03_2_F010.txt,xxx,"[3.5000, 3.0000, 3.0000]"
Session5/sentences/MOCAP_head/Ses05M_script03_2/Ses05M_script03_2_F011.txt,Session5/sentences/wav/Ses05M_script03_2/Ses05M_script03_2_F011.wav,Session5/sentences/MOCAP_rotated/Ses05M_script03_2/Ses05M_script03_2_F011.txt,neu,"[3.0000, 2.0000, 3.5000]"
Session5/sentences/MOCAP_head/Ses05M_script03_2/Ses05M_script03_2_F012.txt,Session5/sentences/wav/Ses05M_script03_2/Ses05M_script03_2_F012.wav,Session5/sentences/MOCAP_rotated/Ses05M_script03_2/Ses05M_script03_2_F012.txt,neu,"[3.5000, 3.0000, 3.0000]"
Session5/sentences/MOCAP_head/Ses05M_script03_2/Ses05M_script03_2_F013.txt,Session5/sentences/wav/Ses05M_script03_2/Ses05M_script03_2_F013.wav,Session5/sentences/MOCAP_rotated/Ses05M_script03_2/Ses05M_script03_2_F013.txt,neu,"[3.5000, 3.0000, 3.0000]"
Session5/sentences/MOCAP_head/Ses05M_script03_2/Ses05M_script03_2_F014.txt,Session5/sentences/wav/Ses05M_script03_2/Ses05M_script03_2_F014.wav,Session5/sentences/MOCAP_rotated/Ses05M_script03_2/Ses05M_script03_2_F014.txt,xxx,"[3.5000, 3.5000, 4.0000]"
Session5/sentences/MOCAP_head/Ses05M_script03_2/Ses05M_script03_2_F015.txt,Session5/sentences/wav/Ses05M_script03_2/Ses05M_script03_2_F015.wav,Session5/sentences/MOCAP_rotated/Ses05M_script03_2/Ses05M_script03_2_F015.txt,neu,"[3.0000, 2.5000, 2.5000]"
Session5/sentences/MOCAP_head/Ses05M_script03_2/Ses05M_script03_2_F016.txt,Session5/sentences/wav/Ses05M_script03_2/Ses05M_script03_2_F016.wav,Session5/sentences/MOCAP_rotated/Ses05M_script03_2/Ses05M_script03_2_F016.txt,xxx,"[2.0000, 3.0000, 3.0000]"
Session5/sentences/MOCAP_head/Ses05M_script03_2/Ses05M_script03_2_F017.txt,Session5/sentences/wav/Ses05M_script03_2/Ses05M_script03_2_F017.wav,Session5/sentences/MOCAP_rotated/Ses05M_script03_2/Ses05M_script03_2_F017.txt,neu,"[3.5000, 3.5000, 3.0000]"
Session5/sentences/MOCAP_head/Ses05M_script03_2/Ses05M_script03_2_F018.txt,Session5/sentences/wav/Ses05M_script03_2/Ses05M_script03_2_F018.wav,Session5/sentences/MOCAP_rotated/Ses05M_script03_2/Ses05M_script03_2_F018.txt,xxx,"[2.5000, 2.0000, 2.5000]"
Session5/sentences/MOCAP_head/Ses05M_script03_2/Ses05M_script03_2_F019.txt,Session5/sentences/wav/Ses05M_script03_2/Ses05M_script03_2_F019.wav,Session5/sentences/MOCAP_rotated/Ses05M_script03_2/Ses05M_script03_2_F019.txt,xxx,"[4.0000, 3.0000, 3.5000]"
Session5/sentences/MOCAP_head/Ses05M_script03_2/Ses05M_script03_2_F020.txt,Session5/sentences/wav/Ses05M_script03_2/Ses05M_script03_2_F020.wav,Session5/sentences/MOCAP_rotated/Ses05M_script03_2/Ses05M_script03_2_F020.txt,neu,"[4.0000, 2.5000, 2.5000]"
Session5/sentences/MOCAP_head/Ses05M_script03_2/Ses05M_script03_2_F021.txt,Session5/sentences/wav/Ses05M_script03_2/Ses05M_script03_2_F021.wav,Session5/sentences/MOCAP_rotated/Ses05M_script03_2/Ses05M_script03_2_F021.txt,xxx,"[4.0000, 3.5000, 4.5000]"
Session5/sentences/MOCAP_head/Ses05M_script03_2/Ses05M_script03_2_F022.txt,Session5/sentences/wav/Ses05M_script03_2/Ses05M_script03_2_F022.wav,Session5/sentences/MOCAP_rotated/Ses05M_script03_2/Ses05M_script03_2_F022.txt,xxx,"[4.0000, 2.5000, 3.0000]"
Session5/sentences/MOCAP_head/Ses05M_script03_2/Ses05M_script03_2_F023.txt,Session5/sentences/wav/Ses05M_script03_2/Ses05M_script03_2_F023.wav,Session5/sentences/MOCAP_rotated/Ses05M_script03_2/Ses05M_script03_2_F023.txt,xxx,"[4.5000, 3.5000, 4.0000]"
Session5/sentences/MOCAP_head/Ses05M_script03_2/Ses05M_script03_2_F024.txt,Session5/sentences/wav/Ses05M_script03_2/Ses05M_script03_2_F024.wav,Session5/sentences/MOCAP_rotated/Ses05M_script03_2/Ses05M_script03_2_F024.txt,exc,"[4.0000, 3.5000, 4.0000]"
Session5/sentences/MOCAP_head/Ses05M_script03_2/Ses05M_script03_2_F025.txt,Session5/sentences/wav/Ses05M_script03_2/Ses05M_script03_2_F025.wav,Session5/sentences/MOCAP_rotated/Ses05M_script03_2/Ses05M_script03_2_F025.txt,xxx,"[4.0000, 3.0000, 3.0000]"
Session5/sentences/MOCAP_head/Ses05M_script03_2/Ses05M_script03_2_F026.txt,Session5/sentences/wav/Ses05M_script03_2/Ses05M_script03_2_F026.wav,Session5/sentences/MOCAP_rotated/Ses05M_script03_2/Ses05M_script03_2_F026.txt,exc,"[2.5000, 3.5000, 3.5000]"
Session5/sentences/MOCAP_head/Ses05M_script03_2/Ses05M_script03_2_F027.txt,Session5/sentences/wav/Ses05M_script03_2/Ses05M_script03_2_F027.wav,Session5/sentences/MOCAP_rotated/Ses05M_script03_2/Ses05M_script03_2_F027.txt,xxx,"[3.0000, 2.5000, 2.5000]"
Session5/sentences/MOCAP_head/Ses05M_script03_2/Ses05M_script03_2_F028.txt,Session5/sentences/wav/Ses05M_script03_2/Ses05M_script03_2_F028.wav,Session5/sentences/MOCAP_rotated/Ses05M_script03_2/Ses05M_script03_2_F028.txt,xxx,"[4.5000, 4.5000, 4.0000]"
Session5/sentences/MOCAP_head/Ses05M_script03_2/Ses05M_script03_2_F029.txt,Session5/sentences/wav/Ses05M_script03_2/Ses05M_script03_2_F029.wav,Session5/sentences/MOCAP_rotated/Ses05M_script03_2/Ses05M_script03_2_F029.txt,xxx,"[4.5000, 3.5000, 3.5000]"
Session5/sentences/MOCAP_head/Ses05M_script03_2/Ses05M_script03_2_F030.txt,Session5/sentences/wav/Ses05M_script03_2/Ses05M_script03_2_F030.wav,Session5/sentences/MOCAP_rotated/Ses05M_script03_2/Ses05M_script03_2_F030.txt,xxx,"[4.0000, 3.5000, 3.0000]"
Session5/sentences/MOCAP_head/Ses05M_script03_2/Ses05M_script03_2_F031.txt,Session5/sentences/wav/Ses05M_script03_2/Ses05M_script03_2_F031.wav,Session5/sentences/MOCAP_rotated/Ses05M_script03_2/Ses05M_script03_2_F031.txt,neu,"[3.0000, 2.5000, 2.5000]"
Session5/sentences/MOCAP_head/Ses05M_script03_2/Ses05M_script03_2_F032.txt,Session5/sentences/wav/Ses05M_script03_2/Ses05M_script03_2_F032.wav,Session5/sentences/MOCAP_rotated/Ses05M_script03_2/Ses05M_script03_2_F032.txt,xxx,"[3.5000, 3.5000, 3.5000]"
Session5/sentences/MOCAP_head/Ses05M_script03_2/Ses05M_script03_2_F033.txt,Session5/sentences/wav/Ses05M_script03_2/Ses05M_script03_2_F033.wav,Session5/sentences/MOCAP_rotated/Ses05M_script03_2/Ses05M_script03_2_F033.txt,exc,"[3.0000, 3.0000, 3.5000]"
Session5/sentences/MOCAP_head/Ses05M_script03_2/Ses05M_script03_2_F034.txt,Session5/sentences/wav/Ses05M_script03_2/Ses05M_script03_2_F034.wav,Session5/sentences/MOCAP_rotated/Ses05M_script03_2/Ses05M_script03_2_F034.txt,fea,"[3.0000, 3.5000, 3.5000]"
Session5/sentences/MOCAP_head/Ses05M_script03_2/Ses05M_script03_2_F035.txt,Session5/sentences/wav/Ses05M_script03_2/Ses05M_script03_2_F035.wav,Session5/sentences/MOCAP_rotated/Ses05M_script03_2/Ses05M_script03_2_F035.txt,neu,"[3.5000, 3.5000, 3.5000]"
Session5/sentences/MOCAP_head/Ses05M_script03_2/Ses05M_script03_2_F036.txt,Session5/sentences/wav/Ses05M_script03_2/Ses05M_script03_2_F036.wav,Session5/sentences/MOCAP_rotated/Ses05M_script03_2/Ses05M_script03_2_F036.txt,exc,"[4.0000, 4.0000, 3.5000]"
Session5/sentences/MOCAP_head/Ses05M_script03_2/Ses05M_script03_2_F037.txt,Session5/sentences/wav/Ses05M_script03_2/Ses05M_script03_2_F037.wav,Session5/sentences/MOCAP_rotated/Ses05M_script03_2/Ses05M_script03_2_F037.txt,xxx,"[4.0000, 4.5000, 4.0000]"
Session5/sentences/MOCAP_head/Ses05M_script03_2/Ses05M_script03_2_F038.txt,Session5/sentences/wav/Ses05M_script03_2/Ses05M_script03_2_F038.wav,Session5/sentences/MOCAP_rotated/Ses05M_script03_2/Ses05M_script03_2_F038.txt,exc,"[3.5000, 4.0000, 4.0000]"
Session5/sentences/MOCAP_head/Ses05M_script03_2/Ses05M_script03_2_F039.txt,Session5/sentences/wav/Ses05M_script03_2/Ses05M_script03_2_F039.wav,Session5/sentences/MOCAP_rotated/Ses05M_script03_2/Ses05M_script03_2_F039.txt,exc,"[4.0000, 3.5000, 3.0000]"
Session5/sentences/MOCAP_head/Ses05M_script03_2/Ses05M_script03_2_F040.txt,Session5/sentences/wav/Ses05M_script03_2/Ses05M_script03_2_F040.wav,Session5/sentences/MOCAP_rotated/Ses05M_script03_2/Ses05M_script03_2_F040.txt,exc,"[3.5000, 3.0000, 3.0000]"
Session5/sentences/MOCAP_head/Ses05M_script03_2/Ses05M_script03_2_F041.txt,Session5/sentences/wav/Ses05M_script03_2/Ses05M_script03_2_F041.wav,Session5/sentences/MOCAP_rotated/Ses05M_script03_2/Ses05M_script03_2_F041.txt,exc,"[3.5000, 4.0000, 4.0000]"
Session5/sentences/MOCAP_head/Ses05M_script03_2/Ses05M_script03_2_F042.txt,Session5/sentences/wav/Ses05M_script03_2/Ses05M_script03_2_F042.wav,Session5/sentences/MOCAP_rotated/Ses05M_script03_2/Ses05M_script03_2_F042.txt,exc,"[2.5000, 3.5000, 3.5000]"
Session5/sentences/MOCAP_head/Ses05M_script03_2/Ses05M_script03_2_F043.txt,Session5/sentences/wav/Ses05M_script03_2/Ses05M_script03_2_F043.wav,Session5/sentences/MOCAP_rotated/Ses05M_script03_2/Ses05M_script03_2_F043.txt,exc,"[3.0000, 3.5000, 2.5000]"
Session5/sentences/MOCAP_head/Ses05M_script03_2/Ses05M_script03_2_F044.txt,Session5/sentences/wav/Ses05M_script03_2/Ses05M_script03_2_F044.wav,Session5/sentences/MOCAP_rotated/Ses05M_script03_2/Ses05M_script03_2_F044.txt,exc,"[4.0000, 4.0000, 4.5000]"
